user_id,watch_time_hours,avg_session_duration_mins,sessions_per_week,completion_rate,top_genre,genre_list,days_since_last_watch,weekend_activity_ratio
USR-00000,4.88,29.08,0.8,0.208,Drama,Drama,8,0.61
USR-00001,52.28,48.58,5.8,0.623,Thriller,Thriller|Action,18,0.42
USR-00002,95.4,93.2,4.2,0.993,Sci-Fi,Sci-Fi|Thriller,11,0.52
USR-00003,6.07,17.1,2.2,0.272,Thriller,Thriller|Animation,29,0.66
USR-00004,131.76,96.08,11.7,0.846,Animation,Animation|Documentary,4,0.4
USR-00005,102.45,147.17,2.9,0.918,Sci-Fi,Sci-Fi|Action,14,0.28
USR-00006,10.8,19.72,1.3,0.351,Comedy,Comedy|Animation,21,0.47
USR-00007,12.83,1.0,2.2,0.234,Action,Action|Drama,11,0.32
USR-00008,106.12,109.93,9.0,0.761,Romance,Romance|Sci-Fi,3,0.54
USR-00009,52.47,46.53,3.8,0.564,Sci-Fi,Sci-Fi|Drama|Thriller|Documentary,28,0.56
USR-00010,35.96,28.61,3.1,0.739,Documentary,Documentary|Thriller|Reality|Drama,18,0.22
USR-00011,51.86,90.67,3.7,0.944,Comedy,Comedy|Drama,29,0.4
USR-00012,12.04,23.87,0.8,0.223,Horror,Horror,15,0.39
USR-00013,12.34,21.95,2.6,0.274,Comedy,Comedy|Action,14,0.8
USR-00014,48.85,19.28,4.6,0.774,Animation,Animation|Sci-Fi,2,0.37
USR-00015,131.71,99.93,14.7,0.859,Comedy,Comedy,25,0.46
USR-00016,53.33,45.66,4.4,0.617,Sci-Fi,Sci-Fi|Reality|Animation|Horror,7,0.78
USR-00017,108.66,96.48,9.6,0.691,Documentary,Documentary,9,0.76
USR-00018,23.52,23.94,1.3,0.116,Documentary,Documentary,15,0.36
USR-00019,13.66,11.53,0.9,0.267,Horror,Horror,14,0.29
USR-00020,5.28,33.01,2.6,0.442,Thriller,Thriller,10,0.47
USR-00021,40.51,26.75,6.7,0.571,Drama,Drama|Documentary,17,0.26
USR-00022,59.95,97.78,4.0,0.978,Comedy,Comedy|Sci-Fi,14,0.24
USR-00023,60.02,151.1,4.2,0.872,Sci-Fi,Sci-Fi|Drama,7,0.52
USR-00024,9.12,20.91,2.6,0.482,Thriller,Thriller,1,0.46
USR-00025,143.71,109.59,15.9,0.891,Documentary,Documentary,2,0.72
USR-00026,46.39,33.47,6.2,0.507,Animation,Animation|Sci-Fi|Drama|Reality,12,0.31
USR-00027,81.39,121.66,9.2,0.767,Comedy,Comedy,5,0.62
USR-00028,78.19,108.85,13.5,0.874,Romance,Romance|Horror|Reality,22,0.48
USR-00029,0.1,30.34,0.8,0.223,Reality,Reality|Animation,11,0.31
USR-00030,12.39,27.89,2.6,0.273,Reality,Reality,2,0.44
USR-00031,98.17,153.81,0.9,0.935,Drama,Drama|Comedy,17,0.43
USR-00032,61.57,49.15,6.9,0.396,Comedy,Comedy|Action|Drama,15,0.37
USR-00033,62.47,58.92,11.1,0.595,Thriller,Thriller|Animation|Comedy|Romance,12,0.68
USR-00034,74.03,45.2,8.6,0.625,Horror,Horror|Drama,27,0.36
USR-00035,132.15,134.69,11.2,0.711,Action,Action|Thriller|Romance,26,0.56
USR-00036,125.08,109.99,9.3,0.717,Horror,Horror,5,0.23
USR-00037,60.74,57.66,9.0,0.643,Animation,Animation|Comedy|Drama|Horror,3,0.53
USR-00038,139.55,102.43,11.9,0.984,Comedy,Comedy|Thriller|Horror,16,0.78
USR-00039,8.24,24.8,4.5,0.532,Horror,Horror|Reality,3,0.32
USR-00040,43.28,68.89,5.3,0.402,Romance,Romance|Action,26,0.55
USR-00041,7.41,26.84,1.4,0.042,Reality,Reality|Thriller,4,0.32
USR-00042,11.54,11.13,0.8,0.254,Romance,Romance,18,0.58
USR-00043,34.54,32.01,2.7,0.936,Action,Action|Thriller|Documentary|Comedy,22,0.7
USR-00044,16.78,12.55,1.4,0.606,Thriller,Thriller,9,0.29
USR-00045,15.67,41.07,1.4,0.44,Action,Action,24,0.43
USR-00046,41.36,30.63,4.0,0.683,Documentary,Documentary|Sci-Fi|Animation,22,0.5
USR-00047,39.36,38.13,7.5,0.764,Sci-Fi,Sci-Fi|Action|Horror|Documentary,13,0.45
USR-00048,0.79,1.0,0.7,0.159,Thriller,Thriller|Drama,11,0.42
USR-00049,120.48,80.78,10.7,0.92,Sci-Fi,Sci-Fi|Romance,19,0.61
USR-00050,111.6,126.33,9.4,0.843,Documentary,Documentary,0,0.4
USR-00051,119.93,106.31,9.9,0.74,Action,Action|Romance,28,0.37
USR-00052,16.16,25.53,2.2,0.299,Horror,Horror,7,0.56
USR-00053,8.46,13.99,3.7,0.284,Horror,Horror|Documentary,24,0.53
USR-00054,1.44,17.85,3.8,0.123,Action,Action,18,0.4
USR-00055,7.29,31.48,2.5,0.318,Animation,Animation,8,0.75
USR-00056,20.67,54.22,7.3,0.727,Drama,Drama|Action|Thriller|Documentary,24,0.6
USR-00057,19.81,43.38,5.1,0.41,Drama,Drama|Comedy,25,0.69
USR-00058,130.77,90.92,16.0,0.949,Thriller,Thriller|Reality|Sci-Fi,20,0.25
USR-00059,164.2,93.66,11.8,0.925,Comedy,Comedy,24,0.32
USR-00060,14.84,19.13,2.3,0.325,Horror,Horror|Action,5,0.8
USR-00061,52.05,55.69,2.8,0.495,Thriller,Thriller|Comedy|Romance|Action,11,0.44
USR-00062,62.68,31.54,4.0,0.805,Reality,Reality|Documentary,8,0.48
USR-00063,6.61,19.92,2.9,0.204,Documentary,Documentary,25,0.29
USR-00064,7.24,18.45,3.4,0.488,Reality,Reality,11,0.73
USR-00065,62.1,63.11,5.3,0.699,Action,Action|Thriller|Horror,21,0.48
USR-00066,42.65,69.61,5.0,0.805,Animation,Animation|Horror|Reality|Action,15,0.21
USR-00067,30.74,42.3,6.9,0.568,Drama,Drama|Comedy|Romance|Documentary,26,0.2
USR-00068,100.33,103.82,16.3,0.824,Horror,Horror,2,0.26
USR-00069,51.81,63.49,5.6,0.888,Reality,Reality|Sci-Fi|Romance,6,0.63
USR-00070,81.62,69.36,11.8,0.675,Sci-Fi,Sci-Fi|Reality,22,0.26
USR-00071,28.32,57.53,8.4,0.603,Horror,Horror|Reality|Comedy|Drama,1,0.65
USR-00072,57.2,145.76,4.1,0.997,Action,Action|Thriller,19,0.41
USR-00073,67.96,93.59,10.2,0.821,Horror,Horror|Sci-Fi|Action,24,0.55
USR-00074,119.23,81.94,9.2,0.627,Documentary,Documentary|Romance|Thriller,7,0.4
USR-00075,62.4,60.69,5.1,0.77,Documentary,Documentary|Action|Sci-Fi,22,0.46
USR-00076,54.58,49.97,7.5,0.895,Comedy,Comedy|Sci-Fi|Action,24,0.64
USR-00077,18.76,28.26,2.8,0.439,Comedy,Comedy,15,0.23
USR-00078,38.04,51.98,4.0,0.71,Sci-Fi,Sci-Fi|Action|Reality,11,0.43
USR-00079,7.12,15.51,3.5,0.296,Horror,Horror,0,0.45
USR-00080,8.71,25.73,1.4,0.166,Comedy,Comedy,27,0.22
USR-00081,70.89,16.27,6.6,0.519,Documentary,Documentary|Sci-Fi,3,0.26
USR-00082,13.9,27.53,2.8,0.055,Horror,Horror,3,0.29
USR-00083,175.26,128.49,7.0,0.837,Documentary,Documentary|Reality|Sci-Fi,13,0.29
USR-00084,155.89,91.51,11.5,0.799,Animation,Animation|Romance|Sci-Fi,16,0.6
USR-00085,149.28,86.9,16.3,0.884,Romance,Romance,18,0.55
USR-00086,13.16,12.17,5.1,0.096,Horror,Horror,26,0.6
USR-00087,17.35,34.84,3.9,0.795,Reality,Reality|Horror,19,0.45
USR-00088,146.81,105.05,15.4,0.76,Sci-Fi,Sci-Fi,27,0.51
USR-00089,32.74,51.32,5.8,0.748,Comedy,Comedy|Reality,10,0.37
USR-00090,77.8,110.42,10.4,0.645,Sci-Fi,Sci-Fi,24,0.59
USR-00091,7.58,38.88,2.0,0.012,Action,Action,22,0.24
USR-00092,34.17,48.36,3.5,0.435,Documentary,Documentary|Horror,14,0.59
USR-00093,33.81,58.05,8.4,0.562,Animation,Animation|Drama|Sci-Fi,22,0.38
USR-00094,43.02,48.41,9.2,0.527,Thriller,Thriller|Sci-Fi|Reality|Comedy,22,0.48
USR-00095,4.91,25.31,2.1,0.441,Horror,Horror,11,0.35
USR-00096,21.0,66.15,4.6,0.691,Thriller,Thriller|Animation,27,0.66
USR-00097,129.54,74.31,11.6,0.797,Documentary,Documentary|Horror|Action,25,0.57
USR-00098,126.32,121.72,12.7,0.718,Thriller,Thriller|Comedy,13,0.45
USR-00099,55.8,219.93,4.8,0.899,Thriller,Thriller|Comedy,26,0.74
USR-00100,70.75,90.79,5.1,0.971,Thriller,Thriller|Action,23,0.66
USR-00101,14.94,14.33,1.4,0.283,Action,Action,9,0.35
USR-00102,36.83,56.04,3.3,0.551,Horror,Horror|Sci-Fi|Comedy,5,0.76
USR-00103,82.78,147.12,3.2,0.94,Action,Action|Sci-Fi,20,0.36
USR-00104,8.13,24.85,2.5,0.302,Documentary,Documentary,7,0.61
USR-00105,4.31,15.58,1.5,0.109,Documentary,Documentary,25,0.23
USR-00106,40.65,45.06,6.5,0.79,Horror,Horror|Action|Documentary,4,0.31
USR-00107,44.87,19.12,3.5,0.856,Horror,Horror|Reality|Documentary|Action,29,0.78
USR-00108,124.62,109.39,15.7,0.876,Sci-Fi,Sci-Fi|Reality|Comedy,5,0.79
USR-00109,59.68,134.33,4.8,0.961,Comedy,Comedy|Thriller,22,0.49
USR-00110,32.81,48.53,8.4,0.742,Comedy,Comedy|Drama,0,0.53
USR-00111,82.54,96.67,12.6,0.83,Romance,Romance|Thriller,24,0.59
USR-00112,55.03,34.95,6.1,0.739,Drama,Drama|Animation|Documentary|Horror,4,0.65
USR-00113,33.11,41.59,6.5,0.474,Drama,Drama|Romance,23,0.61
USR-00114,132.55,87.32,10.2,0.809,Drama,Drama|Action|Sci-Fi,28,0.37
USR-00115,93.53,130.65,4.3,0.782,Action,Action|Sci-Fi,16,0.41
USR-00116,14.88,20.39,2.8,0.051,Action,Action|Comedy,2,0.39
USR-00117,12.82,26.9,0.6,0.15,Action,Action,6,0.31
USR-00118,46.29,27.29,5.8,0.758,Sci-Fi,Sci-Fi|Animation|Documentary,12,0.39
USR-00119,12.14,16.57,2.5,0.371,Romance,Romance|Action,12,0.25
USR-00120,60.25,51.99,3.4,0.626,Animation,Animation|Romance|Sci-Fi,3,0.77
USR-00121,5.43,19.37,2.6,0.044,Drama,Drama,28,0.76
USR-00122,136.37,111.95,14.2,0.746,Animation,Animation|Comedy|Action,23,0.68
USR-00123,24.75,58.09,6.4,0.887,Comedy,Comedy|Romance|Action|Thriller,11,0.41
USR-00124,109.88,92.15,8.7,0.886,Drama,Drama,20,0.6
USR-00125,32.72,61.22,5.3,0.877,Reality,Reality|Action|Comedy,10,0.54
USR-00126,71.15,56.53,4.9,0.634,Romance,Romance|Comedy,17,0.59
USR-00127,128.32,80.11,13.7,0.728,Romance,Romance|Thriller|Documentary,27,0.47
USR-00128,148.18,109.52,21.3,0.77,Reality,Reality|Sci-Fi|Animation,4,0.28
USR-00129,61.31,57.95,5.7,0.448,Romance,Romance|Action,19,0.24
USR-00130,147.3,95.68,13.8,0.853,Sci-Fi,Sci-Fi|Romance|Drama,29,0.51
USR-00131,75.06,164.64,2.9,0.977,Action,Action|Sci-Fi,8,0.41
USR-00132,41.51,48.85,6.4,0.681,Documentary,Documentary|Animation|Romance|Comedy,29,0.35
USR-00133,63.9,37.13,4.0,0.923,Animation,Animation|Reality|Drama|Action,4,0.61
USR-00134,46.87,41.17,2.9,0.447,Animation,Animation|Drama|Romance,28,0.74
USR-00135,126.78,96.5,17.6,0.723,Horror,Horror,2,0.38
USR-00136,58.53,98.2,3.2,0.922,Comedy,Comedy|Drama,20,0.7
USR-00137,37.58,50.98,7.6,0.789,Romance,Romance|Sci-Fi|Drama,20,0.65
USR-00138,12.47,19.6,0.5,0.044,Thriller,Thriller|Romance,12,0.45
USR-00139,156.85,90.16,11.7,0.833,Animation,Animation|Sci-Fi|Romance,29,0.78
USR-00140,39.89,46.61,3.4,0.675,Drama,Drama|Romance|Horror,23,0.46
USR-00141,61.59,40.07,5.2,0.732,Drama,Drama|Action|Romance,23,0.34
USR-00142,63.08,157.09,3.1,0.757,Sci-Fi,Sci-Fi|Drama,9,0.48
USR-00143,52.37,75.96,8.7,0.268,Comedy,Comedy|Sci-Fi,1,0.5
USR-00144,54.16,12.94,5.6,0.797,Horror,Horror|Comedy|Animation|Reality,14,0.7
USR-00145,48.98,46.34,5.5,0.529,Sci-Fi,Sci-Fi|Horror,21,0.24
USR-00146,41.53,53.92,5.5,0.876,Horror,Horror|Romance|Action|Thriller,24,0.4
USR-00147,52.66,24.09,4.7,0.75,Romance,Romance|Thriller,7,0.5
USR-00148,54.85,34.09,6.1,0.738,Romance,Romance|Thriller,9,0.57
USR-00149,116.64,121.22,11.4,0.835,Comedy,Comedy|Documentary,21,0.7
USR-00150,10.89,23.52,1.8,0.398,Horror,Horror,28,0.56
USR-00151,91.37,127.72,2.8,0.882,Comedy,Comedy|Sci-Fi,8,0.22
USR-00152,137.44,73.47,14.2,0.846,Reality,Reality|Horror,28,0.39
USR-00153,57.76,55.89,7.6,0.679,Drama,Drama|Comedy,27,0.73
USR-00154,136.73,63.25,13.9,0.904,Horror,Horror|Comedy|Romance,1,0.67
USR-00155,9.75,33.47,3.8,0.157,Reality,Reality,12,0.49
USR-00156,65.94,59.52,10.8,0.448,Romance,Romance|Documentary,23,0.65
USR-00157,13.23,12.35,1.4,0.187,Thriller,Thriller|Documentary,20,0.24
USR-00158,11.74,17.34,2.3,0.118,Animation,Animation|Documentary,26,0.7
USR-00159,13.15,27.27,3.2,0.182,Drama,Drama|Sci-Fi,24,0.68
USR-00160,79.62,58.88,17.0,0.847,Reality,Reality|Documentary,21,0.35
USR-00161,108.59,157.7,4.9,0.826,Thriller,Thriller|Sci-Fi,0,0.63
USR-00162,120.13,90.3,13.2,0.818,Drama,Drama,22,0.48
USR-00163,67.97,92.74,13.5,0.978,Thriller,Thriller|Action,24,0.67
USR-00164,46.2,35.5,7.1,0.793,Animation,Animation|Documentary,23,0.49
USR-00165,65.25,55.78,5.8,0.231,Drama,Drama|Thriller|Documentary,5,0.28
USR-00166,5.54,12.59,1.2,0.362,Drama,Drama|Romance,19,0.67
USR-00167,13.34,18.53,2.1,0.115,Drama,Drama,13,0.58
USR-00168,55.45,59.03,7.8,0.593,Reality,Reality|Comedy|Thriller,8,0.61
USR-00169,136.91,138.76,4.1,0.896,Comedy,Comedy|Drama,8,0.4
USR-00170,33.64,19.37,7.3,0.947,Thriller,Thriller|Horror,29,0.68
USR-00171,42.33,56.37,5.5,0.601,Documentary,Documentary|Horror,7,0.37
USR-00172,56.39,49.55,7.2,0.503,Thriller,Thriller|Romance,13,0.48
USR-00173,88.41,166.38,5.1,0.864,Sci-Fi,Sci-Fi|Action,4,0.48
USR-00174,64.43,71.09,16.1,0.567,Sci-Fi,Sci-Fi|Horror,21,0.75
USR-00175,141.67,60.46,11.5,0.567,Drama,Drama|Animation,14,0.51
USR-00176,59.74,5.62,4.3,0.597,Horror,Horror|Documentary|Reality,15,0.42
USR-00177,71.52,128.04,3.9,0.916,Action,Action|Comedy,25,0.43
USR-00178,75.79,140.13,3.7,0.94,Drama,Drama|Sci-Fi,26,0.41
USR-00179,9.11,12.25,3.4,0.32,Sci-Fi,Sci-Fi|Horror,7,0.22
USR-00180,117.01,152.58,1.7,0.981,Drama,Drama|Comedy,27,0.31
USR-00181,52.92,139.55,4.1,0.716,Sci-Fi,Sci-Fi|Action,3,0.78
USR-00182,55.71,27.24,9.3,0.636,Sci-Fi,Sci-Fi|Drama|Reality,8,0.41
USR-00183,25.82,51.03,3.8,0.629,Sci-Fi,Sci-Fi|Romance|Action|Drama,19,0.5
USR-00184,7.93,17.38,1.3,0.307,Sci-Fi,Sci-Fi,6,0.48
USR-00185,3.16,37.91,1.4,0.253,Action,Action,20,0.47
USR-00186,21.08,29.28,3.9,0.193,Drama,Drama|Documentary,14,0.29
USR-00187,110.51,76.97,12.7,0.872,Documentary,Documentary,19,0.47
USR-00188,13.95,5.78,0.6,0.118,Comedy,Comedy,28,0.59
USR-00189,48.13,63.0,6.9,0.627,Action,Action|Romance|Thriller|Horror,15,0.69
USR-00190,40.6,148.34,4.0,0.922,Thriller,Thriller|Drama,10,0.42
USR-00191,59.92,74.8,14.9,0.603,Drama,Drama,8,0.77
USR-00192,112.82,73.92,9.0,0.886,Horror,Horror,19,0.62
USR-00193,6.66,22.96,2.3,0.172,Animation,Animation,12,0.59
USR-00194,78.97,73.88,10.1,0.57,Sci-Fi,Sci-Fi|Animation,8,0.57
USR-00195,138.06,76.42,15.0,0.931,Thriller,Thriller|Drama,17,0.57
USR-00196,66.45,40.39,5.4,0.532,Action,Action|Reality|Horror|Romance,14,0.39
USR-00197,99.35,140.37,4.0,0.863,Comedy,Comedy|Drama,28,0.49
USR-00198,100.69,102.69,11.5,0.878,Animation,Animation,14,0.68
USR-00199,47.42,77.98,6.0,0.541,Sci-Fi,Sci-Fi|Action,22,0.68
USR-00200,9.17,14.34,1.8,0.282,Action,Action|Romance,13,0.45
USR-00201,97.32,171.4,4.6,0.996,Sci-Fi,Sci-Fi|Comedy,6,0.51
USR-00202,51.23,32.64,5.9,0.658,Sci-Fi,Sci-Fi|Documentary|Reality,6,0.8
USR-00203,105.57,82.09,10.5,0.863,Horror,Horror|Romance|Drama,20,0.49
USR-00204,106.76,105.09,18.8,0.934,Romance,Romance|Reality,18,0.37
USR-00205,113.41,101.3,12.5,0.82,Reality,Reality|Romance|Action,22,0.65
USR-00206,136.76,101.17,10.1,0.903,Drama,Drama,16,0.31
USR-00207,6.77,27.33,1.0,0.326,Sci-Fi,Sci-Fi|Drama,6,0.72
USR-00208,150.52,74.67,13.0,0.882,Horror,Horror|Romance,16,0.43
USR-00209,96.81,49.28,5.2,0.75,Comedy,Comedy|Thriller,25,0.21
USR-00210,17.27,23.76,1.2,0.145,Animation,Animation|Action,16,0.77
USR-00211,53.0,24.82,5.5,0.802,Comedy,Comedy|Thriller|Sci-Fi,23,0.65
USR-00212,97.61,68.58,10.5,0.982,Reality,Reality|Romance,29,0.57
USR-00213,9.86,23.84,2.4,0.102,Drama,Drama,2,0.24
USR-00214,4.98,32.78,1.2,0.579,Romance,Romance,24,0.63
USR-00215,20.6,33.9,1.7,0.182,Action,Action,18,0.51
USR-00216,136.62,87.34,11.6,0.837,Thriller,Thriller|Documentary|Animation,1,0.24
USR-00217,99.32,98.38,13.2,0.822,Reality,Reality|Documentary,2,0.48
USR-00218,104.59,167.99,4.2,0.915,Action,Action|Thriller,3,0.54
USR-00219,32.27,29.27,4.5,0.63,Drama,Drama|Animation|Action,17,0.74
USR-00220,17.45,33.14,8.0,0.234,Animation,Animation|Romance,29,0.65
USR-00221,31.48,58.02,4.7,0.532,Sci-Fi,Sci-Fi|Action|Drama,6,0.63
USR-00222,11.97,16.13,2.8,0.323,Drama,Drama,25,0.75
USR-00223,70.73,137.69,5.7,0.664,Comedy,Comedy|Drama,19,0.42
USR-00224,32.01,64.22,6.1,0.768,Documentary,Documentary|Action|Comedy,27,0.75
USR-00225,80.2,150.01,4.3,0.96,Drama,Drama|Comedy,18,0.67
USR-00226,131.12,94.92,11.9,0.876,Comedy,Comedy,6,0.56
USR-00227,46.5,22.57,6.2,0.381,Horror,Horror|Action|Documentary|Thriller,24,0.34
USR-00228,12.89,11.45,2.2,0.214,Animation,Animation|Sci-Fi,11,0.49
USR-00229,103.19,97.17,9.3,0.549,Thriller,Thriller,20,0.55
USR-00230,89.18,74.99,14.5,0.541,Animation,Animation,4,0.3
USR-00231,36.05,12.2,7.9,0.7,Action,Action|Thriller|Reality|Documentary,19,0.78
USR-00232,49.72,146.03,3.5,0.913,Thriller,Thriller|Drama,5,0.37
USR-00233,39.29,40.75,7.2,0.397,Sci-Fi,Sci-Fi|Animation,14,0.71
USR-00234,85.01,151.98,3.5,0.971,Drama,Drama|Sci-Fi,12,0.31
USR-00235,9.59,32.7,1.5,0.516,Thriller,Thriller,19,0.38
USR-00236,42.53,32.0,8.5,0.492,Action,Action|Documentary|Reality,20,0.34
USR-00237,13.64,21.71,0.6,0.24,Romance,Romance,12,0.28
USR-00238,177.24,106.96,10.7,0.935,Animation,Animation|Comedy|Documentary,21,0.37
USR-00239,87.67,98.48,12.1,0.934,Thriller,Thriller|Romance,11,0.79
USR-00240,6.89,17.32,1.4,0.301,Documentary,Documentary|Reality,17,0.38
USR-00241,9.94,16.85,4.4,0.202,Documentary,Documentary|Sci-Fi,20,0.67
USR-00242,104.5,105.16,13.2,0.784,Animation,Animation|Horror|Drama,14,0.64
USR-00243,51.41,40.2,9.5,0.684,Sci-Fi,Sci-Fi|Reality|Thriller,11,0.62
USR-00244,2.56,30.86,0.7,0.244,Action,Action|Romance,14,0.39
USR-00245,74.75,144.92,5.3,0.966,Comedy,Comedy|Sci-Fi,19,0.74
USR-00246,1.31,9.44,2.3,0.17,Comedy,Comedy|Horror,28,0.4
USR-00247,58.63,49.35,9.6,0.39,Thriller,Thriller|Comedy,29,0.75
USR-00248,60.87,49.09,2.3,0.515,Thriller,Thriller|Animation|Horror,3,0.54
USR-00249,34.84,34.67,6.7,0.746,Documentary,Documentary|Animation,10,0.72
USR-00250,8.47,26.44,1.3,0.266,Drama,Drama,12,0.25
USR-00251,88.92,146.92,5.6,0.862,Action,Action|Thriller,0,0.35
USR-00252,37.84,56.41,5.3,0.552,Horror,Horror|Romance|Sci-Fi,13,0.41
USR-00253,106.25,106.97,16.6,0.746,Animation,Animation|Sci-Fi,1,0.41
USR-00254,142.28,90.88,11.8,0.829,Horror,Horror,2,0.4
USR-00255,7.84,20.98,4.0,0.248,Comedy,Comedy|Animation,11,0.61
USR-00256,4.47,19.58,2.1,0.352,Action,Action|Sci-Fi,1,0.47
USR-00257,67.2,58.7,9.3,0.898,Documentary,Documentary|Horror|Drama,18,0.24
USR-00258,146.43,89.62,11.9,0.866,Sci-Fi,Sci-Fi|Action|Documentary,6,0.63
USR-00259,38.28,47.18,5.8,0.631,Action,Action|Romance|Comedy,16,0.8
USR-00260,146.57,116.09,14.4,0.849,Horror,Horror,8,0.77
USR-00261,11.91,27.99,1.1,0.112,Comedy,Comedy,12,0.48
USR-00262,25.75,22.49,5.6,0.524,Drama,Drama|Romance,15,0.76
USR-00263,141.49,88.12,15.2,0.874,Comedy,Comedy|Sci-Fi,11,0.45
USR-00264,73.03,125.8,4.6,0.978,Action,Action|Comedy,1,0.64
USR-00265,146.06,82.84,12.9,0.915,Romance,Romance|Animation|Thriller,12,0.44
USR-00266,29.14,49.87,5.3,0.344,Thriller,Thriller|Horror,25,0.77
USR-00267,144.4,89.04,11.2,0.824,Reality,Reality,23,0.6
USR-00268,83.09,68.99,6.8,0.811,Romance,Romance|Comedy,21,0.53
USR-00269,90.39,79.07,12.5,0.798,Thriller,Thriller|Reality,25,0.71
USR-00270,75.06,122.02,12.6,0.476,Drama,Drama|Sci-Fi|Documentary,29,0.73
USR-00271,109.55,114.55,9.4,0.96,Thriller,Thriller|Animation,3,0.61
USR-00272,68.23,27.79,14.2,0.906,Romance,Romance|Drama,17,0.44
USR-00273,45.38,53.14,6.0,0.873,Comedy,Comedy|Documentary|Reality|Thriller,18,0.67
USR-00274,9.91,19.6,2.2,0.394,Documentary,Documentary,18,0.52
USR-00275,56.37,35.24,5.1,0.871,Reality,Reality|Drama|Sci-Fi|Horror,7,0.72
USR-00276,14.78,29.73,8.4,0.807,Thriller,Thriller|Comedy,0,0.39
USR-00277,54.46,33.94,6.0,0.346,Thriller,Thriller|Action|Animation,6,0.69
USR-00278,69.42,143.3,2.4,0.923,Action,Action|Drama,18,0.31
USR-00279,73.35,214.6,4.1,0.953,Sci-Fi,Sci-Fi|Comedy,6,0.3
USR-00280,148.11,101.57,13.6,0.71,Action,Action|Sci-Fi|Documentary,20,0.62
USR-00281,114.84,113.59,13.7,0.842,Horror,Horror|Documentary,14,0.56
USR-00282,129.25,81.09,5.8,0.804,Thriller,Thriller|Animation|Reality,15,0.2
USR-00283,96.74,100.01,13.1,0.736,Documentary,Documentary,26,0.66
USR-00284,59.59,39.94,7.7,0.841,Horror,Horror|Documentary|Drama|Romance,26,0.54
USR-00285,70.97,53.04,5.2,0.815,Horror,Horror|Drama|Sci-Fi,9,0.29
USR-00286,97.29,86.78,17.7,0.882,Comedy,Comedy|Thriller,28,0.79
USR-00287,61.85,75.98,6.2,0.495,Reality,Reality|Animation|Thriller,27,0.45
USR-00288,46.89,38.86,3.8,0.625,Reality,Reality|Drama|Comedy,0,0.59
USR-00289,136.85,112.54,9.9,0.97,Animation,Animation|Sci-Fi|Drama,8,0.51
USR-00290,7.53,28.27,0.5,0.321,Romance,Romance,24,0.23
USR-00291,121.49,72.15,11.2,0.75,Drama,Drama|Thriller|Documentary,27,0.79
USR-00292,86.04,173.43,2.7,0.866,Action,Action|Comedy,1,0.34
USR-00293,104.69,66.19,14.7,0.826,Animation,Animation,23,0.74
USR-00294,9.15,28.25,0.5,0.316,Sci-Fi,Sci-Fi,9,0.55
USR-00295,94.26,126.87,2.3,0.841,Thriller,Thriller|Comedy,22,0.42
USR-00296,107.45,177.11,3.0,0.985,Comedy,Comedy|Action,1,0.32
USR-00297,10.16,19.82,1.7,0.204,Action,Action,3,0.21
USR-00298,8.52,23.58,0.5,0.284,Animation,Animation|Drama,29,0.47
USR-00299,16.19,20.39,2.4,0.345,Drama,Drama,19,0.23
USR-00300,13.55,33.05,1.0,0.077,Thriller,Thriller,12,0.47
USR-00301,119.96,100.18,11.2,0.939,Sci-Fi,Sci-Fi|Action,23,0.28
USR-00302,45.55,32.75,7.8,0.507,Romance,Romance|Documentary|Animation,5,0.26
USR-00303,53.78,57.05,5.6,0.527,Animation,Animation|Reality|Action|Sci-Fi,20,0.49
USR-00304,85.27,152.44,3.1,0.906,Drama,Drama|Thriller,24,0.32
USR-00305,51.92,36.28,6.9,0.687,Animation,Animation|Horror|Drama,14,0.77
USR-00306,45.03,25.44,9.3,0.447,Sci-Fi,Sci-Fi|Romance|Drama|Horror,29,0.43
USR-00307,2.6,36.16,2.2,0.311,Documentary,Documentary|Sci-Fi,25,0.6
USR-00308,43.62,38.52,4.1,0.577,Documentary,Documentary|Horror,15,0.21
USR-00309,118.19,149.92,8.8,0.833,Thriller,Thriller|Romance,11,0.22
USR-00310,49.91,53.55,8.8,0.856,Drama,Drama|Sci-Fi|Reality,7,0.46
USR-00311,20.23,41.48,3.1,0.733,Reality,Reality|Comedy|Romance|Documentary,8,0.4
USR-00312,96.52,113.93,14.7,0.98,Romance,Romance,22,0.75
USR-00313,45.73,40.87,6.7,0.83,Thriller,Thriller|Documentary,24,0.59
USR-00314,31.76,50.04,4.5,0.718,Action,Action|Horror,17,0.8
USR-00315,41.54,60.82,6.6,0.345,Animation,Animation|Documentary,6,0.62
USR-00316,52.31,26.38,3.0,0.54,Animation,Animation|Comedy,13,0.79
USR-00317,0.1,27.41,1.2,0.47,Documentary,Documentary,20,0.32
USR-00318,46.85,37.94,5.1,0.756,Comedy,Comedy|Animation|Romance,20,0.31
USR-00319,98.55,203.12,4.5,0.895,Sci-Fi,Sci-Fi|Drama,29,0.67
USR-00320,79.16,168.59,4.4,0.675,Drama,Drama|Action,0,0.47
USR-00321,47.02,40.33,8.7,0.83,Drama,Drama|Action|Romance,24,0.69
USR-00322,64.95,16.03,6.5,0.785,Action,Action|Reality,15,0.3
USR-00323,52.9,53.38,6.8,0.463,Action,Action|Sci-Fi|Animation|Drama,1,0.69
USR-00324,10.94,22.0,2.1,0.052,Drama,Drama|Reality,1,0.33
USR-00325,11.48,29.91,1.2,0.508,Comedy,Comedy,27,0.73
USR-00326,7.49,21.38,3.9,0.109,Animation,Animation,10,0.78
USR-00327,56.25,49.61,5.9,0.438,Thriller,Thriller|Animation,10,0.3
USR-00328,8.75,29.92,3.2,0.146,Drama,Drama,6,0.31
USR-00329,31.04,40.99,9.2,0.559,Comedy,Comedy|Horror|Action|Reality,5,0.77
USR-00330,15.88,2.37,3.2,0.355,Comedy,Comedy,6,0.42
USR-00331,120.92,68.3,13.5,0.904,Action,Action|Reality,18,0.6
USR-00332,14.79,17.41,0.8,0.427,Documentary,Documentary|Comedy,10,0.29
USR-00333,100.13,218.62,2.5,0.974,Comedy,Comedy|Thriller,26,0.32
USR-00334,117.71,96.46,13.5,0.733,Drama,Drama,29,0.61
USR-00335,1.99,19.66,3.3,0.383,Reality,Reality,6,0.38
USR-00336,64.32,115.49,13.9,0.877,Comedy,Comedy|Romance,27,0.45
USR-00337,14.03,34.77,2.4,0.461,Documentary,Documentary,2,0.56
USR-00338,93.55,102.71,14.7,0.831,Animation,Animation,6,0.46
USR-00339,95.92,207.26,3.3,0.918,Action,Action|Thriller,0,0.56
USR-00340,143.51,97.05,10.2,0.916,Action,Action,25,0.6
USR-00341,81.48,121.64,3.5,0.965,Action,Action|Thriller,1,0.57
USR-00342,16.52,4.59,1.4,0.198,Horror,Horror,17,0.42
USR-00343,55.18,54.6,4.4,0.875,Comedy,Comedy|Documentary|Action,1,0.62
USR-00344,9.78,21.66,2.4,0.301,Romance,Romance,16,0.51
USR-00345,11.85,26.02,0.8,0.144,Drama,Drama|Horror,25,0.21
USR-00346,91.21,131.01,3.8,0.999,Drama,Drama|Comedy,4,0.37
USR-00347,82.34,51.71,3.4,0.366,Reality,Reality|Documentary|Horror|Romance,27,0.7
USR-00348,54.32,61.87,5.8,0.788,Animation,Animation|Sci-Fi|Drama,3,0.26
USR-00349,124.74,78.71,14.3,0.803,Reality,Reality,9,0.74
USR-00350,12.31,23.2,1.8,0.185,Documentary,Documentary|Reality,1,0.43
USR-00351,82.17,85.68,12.3,0.725,Animation,Animation|Horror|Sci-Fi,29,0.22
USR-00352,43.39,43.46,6.1,0.659,Action,Action|Drama|Reality,7,0.65
USR-00353,59.63,18.35,7.3,0.629,Drama,Drama|Romance|Documentary|Animation,15,0.33
USR-00354,50.46,53.77,5.2,0.751,Drama,Drama|Action|Horror,29,0.69
USR-00355,56.66,54.02,4.9,0.666,Sci-Fi,Sci-Fi|Reality|Horror|Documentary,11,0.45
USR-00356,15.01,19.05,2.3,0.196,Action,Action,10,0.51
USR-00357,8.36,14.92,0.5,0.247,Reality,Reality|Thriller,12,0.62
USR-00358,30.09,18.99,9.1,0.851,Sci-Fi,Sci-Fi|Horror|Animation,26,0.4
USR-00359,48.73,39.04,4.8,0.254,Comedy,Comedy|Thriller,9,0.36
USR-00360,100.26,162.92,4.2,0.991,Thriller,Thriller|Sci-Fi,29,0.72
USR-00361,112.76,89.84,10.6,0.854,Romance,Romance|Comedy|Sci-Fi,8,0.64
USR-00362,103.7,112.95,8.0,0.429,Documentary,Documentary|Comedy,3,0.29
USR-00363,139.84,54.37,15.4,0.797,Comedy,Comedy,14,0.78
USR-00364,2.49,12.64,1.9,0.228,Documentary,Documentary|Horror,15,0.71
USR-00365,42.18,49.83,0.5,0.87,Action,Action|Romance|Drama,24,0.73
USR-00366,10.75,32.04,2.6,0.113,Documentary,Documentary,8,0.36
USR-00367,16.55,14.01,1.7,0.091,Horror,Horror,24,0.54
USR-00368,34.08,65.62,8.3,0.488,Horror,Horror|Thriller,7,0.36
USR-00369,84.11,126.73,4.4,0.783,Comedy,Comedy|Sci-Fi,4,0.69
USR-00370,5.19,18.5,1.4,0.105,Sci-Fi,Sci-Fi,15,0.23
USR-00371,49.09,40.96,6.9,0.841,Reality,Reality|Action|Drama,9,0.62
USR-00372,82.93,39.13,4.9,0.469,Horror,Horror|Thriller|Animation|Drama,20,0.41
USR-00373,36.26,40.81,6.0,0.588,Sci-Fi,Sci-Fi|Documentary|Action|Comedy,28,0.49
USR-00374,139.46,60.91,9.5,0.809,Romance,Romance|Animation|Action,15,0.27
USR-00375,105.98,99.65,10.2,0.495,Animation,Animation|Action,22,0.62
USR-00376,83.55,150.67,2.7,0.87,Comedy,Comedy|Thriller,28,0.79
USR-00377,39.57,44.24,5.9,0.665,Reality,Reality|Horror|Drama,1,0.27
USR-00378,41.23,62.8,6.1,0.396,Horror,Horror|Sci-Fi|Thriller,23,0.8
USR-00379,7.23,18.38,2.1,0.512,Documentary,Documentary,1,0.34
USR-00380,48.05,53.62,5.7,0.681,Romance,Romance|Comedy|Thriller|Drama,9,0.72
USR-00381,55.91,112.22,3.0,0.989,Action,Action|Drama,5,0.69
USR-00382,8.78,19.8,0.5,0.081,Documentary,Documentary,19,0.26
USR-00383,54.95,3.32,8.4,0.542,Romance,Romance|Action,18,0.78
USR-00384,17.88,51.4,5.6,0.544,Reality,Reality|Horror,26,0.79
USR-00385,78.65,207.23,5.2,0.932,Thriller,Thriller|Drama,16,0.66
USR-00386,9.0,19.49,3.3,0.32,Drama,Drama,10,0.24
USR-00387,109.97,143.8,4.7,0.876,Thriller,Thriller|Drama,7,0.4
USR-00388,56.28,108.44,12.7,0.945,Romance,Romance|Sci-Fi|Action,20,0.66
USR-00389,97.28,168.2,1.0,0.951,Sci-Fi,Sci-Fi|Comedy,25,0.26
USR-00390,13.52,27.63,2.0,0.097,Drama,Drama,17,0.73
USR-00391,117.12,55.84,11.6,0.798,Sci-Fi,Sci-Fi|Horror|Thriller,15,0.42
USR-00392,66.6,50.85,5.4,0.484,Animation,Animation|Documentary|Horror|Action,18,0.57
USR-00393,13.88,19.4,2.9,0.198,Reality,Reality|Drama,28,0.5
USR-00394,139.34,79.26,8.8,0.867,Action,Action|Sci-Fi|Reality,11,0.56
USR-00395,69.64,50.31,7.3,0.822,Action,Action|Documentary|Comedy|Drama,19,0.49
USR-00396,5.53,40.52,0.6,0.13,Sci-Fi,Sci-Fi,10,0.25
USR-00397,56.66,55.67,9.6,0.758,Drama,Drama|Horror,15,0.76
USR-00398,32.36,59.98,5.9,0.683,Comedy,Comedy|Reality,27,0.59
USR-00399,81.69,64.58,4.6,0.585,Horror,Horror|Comedy|Drama|Thriller,14,0.22
USR-00400,74.98,60.03,7.9,0.816,Romance,Romance|Documentary,22,0.24
USR-00401,75.78,145.75,4.2,0.871,Comedy,Comedy|Thriller,29,0.4
USR-00402,9.32,34.48,3.7,0.322,Animation,Animation,28,0.37
USR-00403,58.18,115.74,10.1,0.8,Thriller,Thriller|Action,21,0.29
USR-00404,59.31,179.65,4.3,0.939,Drama,Drama|Thriller,14,0.56
USR-00405,26.66,148.0,6.1,0.982,Thriller,Thriller|Sci-Fi,17,0.44
USR-00406,33.48,45.51,0.8,0.385,Drama,Drama|Horror|Documentary,29,0.73
USR-00407,18.57,17.7,1.8,0.419,Horror,Horror|Action,12,0.36
USR-00408,97.54,92.73,16.5,0.796,Thriller,Thriller|Romance|Animation,7,0.53
USR-00409,67.49,186.39,5.0,0.98,Action,Action|Thriller,7,0.48
USR-00410,6.53,34.85,1.7,0.264,Drama,Drama,3,0.79
USR-00411,6.69,18.74,2.0,0.238,Horror,Horror,13,0.53
USR-00412,88.9,79.39,15.4,0.666,Romance,Romance,28,0.33
USR-00413,70.1,204.41,4.2,0.813,Comedy,Comedy|Sci-Fi,4,0.47
USR-00414,85.19,90.25,8.7,0.69,Action,Action,27,0.27
USR-00415,132.86,112.63,11.8,0.422,Drama,Drama,15,0.39
USR-00416,169.36,109.5,5.5,0.782,Drama,Drama,7,0.48
USR-00417,5.22,20.74,1.1,0.177,Animation,Animation|Horror,14,0.63
USR-00418,123.36,109.6,10.3,0.903,Thriller,Thriller|Horror,25,0.77
USR-00419,44.76,139.62,5.3,0.937,Action,Action|Comedy,27,0.45
USR-00420,18.8,39.48,1.9,0.131,Romance,Romance|Animation,7,0.6
USR-00421,128.39,141.29,11.6,0.766,Action,Action,19,0.48
USR-00422,71.41,53.29,13.1,0.724,Drama,Drama|Action,28,0.23
USR-00423,90.44,113.77,13.1,0.807,Sci-Fi,Sci-Fi,19,0.59
USR-00424,17.78,18.11,2.8,0.477,Reality,Reality|Drama,9,0.22
USR-00425,10.17,14.77,1.7,0.632,Sci-Fi,Sci-Fi|Drama,28,0.5
USR-00426,100.18,92.87,6.7,0.859,Action,Action|Animation,16,0.63
USR-00427,12.56,40.74,3.5,0.063,Animation,Animation,20,0.73
USR-00428,177.43,84.94,15.5,0.626,Horror,Horror,17,0.5
USR-00429,3.09,18.19,2.8,0.307,Romance,Romance,5,0.65
USR-00430,59.95,140.56,2.4,0.963,Sci-Fi,Sci-Fi|Drama,22,0.2
USR-00431,13.2,1.0,2.2,0.185,Reality,Reality,29,0.41
USR-00432,16.21,17.38,1.1,0.18,Drama,Drama,24,0.26
USR-00433,13.92,34.19,2.6,0.297,Reality,Reality|Drama,29,0.28
USR-00434,106.39,119.26,14.4,0.801,Sci-Fi,Sci-Fi,18,0.75
USR-00435,108.74,108.08,15.9,0.79,Romance,Romance,17,0.68
USR-00436,124.38,141.87,16.4,0.839,Horror,Horror|Drama,22,0.26
USR-00437,36.84,41.29,5.6,0.339,Sci-Fi,Sci-Fi|Comedy|Animation,11,0.56
USR-00438,6.15,30.11,1.6,0.111,Comedy,Comedy|Horror,23,0.49
USR-00439,16.26,34.49,4.8,0.286,Drama,Drama|Action,13,0.74
USR-00440,66.96,129.39,4.4,0.794,Drama,Drama|Comedy,10,0.77
USR-00441,126.57,111.31,14.3,0.85,Action,Action|Sci-Fi,21,0.27
USR-00442,8.55,16.94,3.2,0.619,Sci-Fi,Sci-Fi,15,0.56
USR-00443,139.5,103.59,15.2,0.8,Romance,Romance|Sci-Fi,15,0.47
USR-00444,41.13,43.11,4.7,0.676,Animation,Animation|Comedy|Drama,17,0.68
USR-00445,7.74,32.62,2.6,0.485,Horror,Horror,11,0.56
USR-00446,57.04,136.25,3.9,0.954,Drama,Drama|Action,23,0.62
USR-00447,10.81,24.16,1.9,0.189,Comedy,Comedy,26,0.45
USR-00448,171.55,105.73,15.6,0.815,Animation,Animation,10,0.69
USR-00449,8.47,26.42,2.2,0.389,Animation,Animation,11,0.53
USR-00450,45.0,68.37,11.8,0.756,Documentary,Documentary,2,0.63
USR-00451,77.19,117.32,5.4,0.908,Drama,Drama|Action,15,0.31
USR-00452,6.73,23.39,1.6,0.192,Comedy,Comedy|Horror,15,0.77
USR-00453,141.05,101.05,11.3,0.86,Drama,Drama|Horror,17,0.27
USR-00454,144.58,80.51,9.5,0.548,Horror,Horror,0,0.72
USR-00455,65.69,129.34,19.3,0.723,Action,Action|Comedy|Drama,10,0.74
USR-00456,90.3,114.49,2.4,0.997,Sci-Fi,Sci-Fi|Thriller,2,0.32
USR-00457,71.59,53.7,3.0,0.502,Drama,Drama|Comedy|Romance,6,0.27
USR-00458,8.76,24.39,0.8,0.492,Action,Action|Sci-Fi,20,0.61
USR-00459,18.68,6.75,3.6,0.154,Romance,Romance|Reality,3,0.24
USR-00460,38.93,47.76,4.4,0.585,Comedy,Comedy|Sci-Fi|Thriller|Documentary,29,0.33
USR-00461,133.79,43.65,15.3,0.962,Horror,Horror,15,0.62
USR-00462,52.6,167.87,4.7,0.961,Thriller,Thriller|Drama,18,0.6
USR-00463,67.2,52.88,6.7,0.604,Documentary,Documentary|Thriller|Sci-Fi,6,0.36
USR-00464,52.33,38.19,3.6,0.684,Reality,Reality|Romance,21,0.74
USR-00465,6.84,38.72,2.0,0.467,Thriller,Thriller|Horror,25,0.63
USR-00466,6.15,19.05,0.8,0.5,Sci-Fi,Sci-Fi|Action,8,0.53
USR-00467,44.76,130.62,2.5,0.917,Comedy,Comedy|Action,16,0.52
USR-00468,104.96,128.42,11.0,0.661,Documentary,Documentary,24,0.69
USR-00469,55.07,38.21,8.2,0.607,Animation,Animation|Thriller,18,0.56
USR-00470,48.71,45.66,4.9,0.719,Animation,Animation|Documentary|Drama|Horror,26,0.65
USR-00471,6.63,39.01,3.2,0.483,Action,Action|Reality|Horror|Comedy,2,0.79
USR-00472,116.89,125.48,9.6,0.886,Documentary,Documentary,15,0.79
USR-00473,158.17,114.61,17.7,0.866,Comedy,Comedy|Reality|Sci-Fi,3,0.3
USR-00474,44.84,25.58,9.1,0.578,Comedy,Comedy|Sci-Fi|Action,29,0.43
USR-00475,62.38,41.98,5.7,0.629,Action,Action|Thriller|Animation|Drama,4,0.55
USR-00476,39.32,41.63,6.3,0.628,Animation,Animation|Thriller|Documentary|Sci-Fi,2,0.33
USR-00477,10.46,7.96,1.0,0.417,Thriller,Thriller|Horror,6,0.58
USR-00478,10.26,43.28,2.6,0.084,Horror,Horror|Sci-Fi,27,0.36
USR-00479,25.44,66.06,3.2,0.619,Horror,Horror|Comedy|Documentary|Action,19,0.54
USR-00480,57.2,46.73,6.4,0.838,Horror,Horror|Thriller|Documentary,26,0.59
USR-00481,130.79,92.73,15.6,0.776,Animation,Animation,13,0.71
USR-00482,59.27,55.6,5.6,0.545,Comedy,Comedy|Sci-Fi|Drama,24,0.45
USR-00483,66.87,49.5,8.9,0.336,Horror,Horror|Thriller,18,0.54
USR-00484,163.33,52.66,13.7,0.898,Reality,Reality|Thriller|Sci-Fi,12,0.76
USR-00485,35.06,26.8,4.9,0.666,Animation,Animation|Drama|Documentary|Romance,0,0.27
USR-00486,23.09,31.64,4.6,0.514,Reality,Reality|Action,29,0.39
USR-00487,101.8,81.98,10.8,0.648,Thriller,Thriller,28,0.28
USR-00488,46.86,63.22,4.8,0.524,Sci-Fi,Sci-Fi|Action|Animation|Comedy,10,0.51
USR-00489,38.92,38.11,3.6,0.55,Comedy,Comedy|Drama|Horror,6,0.32
USR-00490,7.87,21.41,2.6,0.28,Reality,Reality|Animation,2,0.32
USR-00491,0.97,46.11,1.4,0.376,Reality,Reality,17,0.37
USR-00492,17.9,24.39,2.9,0.242,Sci-Fi,Sci-Fi|Comedy,10,0.52
USR-00493,39.99,31.32,6.7,0.762,Comedy,Comedy|Sci-Fi|Horror,16,0.23
USR-00494,14.19,19.58,1.0,0.077,Comedy,Comedy|Animation,6,0.44
USR-00495,50.7,63.59,3.3,0.717,Drama,Drama|Reality|Animation|Horror,3,0.54
USR-00496,59.85,62.5,6.4,0.415,Documentary,Documentary|Reality|Action,11,0.47
USR-00497,11.76,19.43,2.5,0.275,Drama,Drama|Romance,11,0.43
USR-00498,38.65,39.73,11.0,0.764,Horror,Horror|Action,14,0.76
USR-00499,69.14,53.5,7.9,0.599,Sci-Fi,Sci-Fi|Action|Horror,19,0.43
USR-00500,11.26,21.37,0.7,0.289,Comedy,Comedy|Horror,10,0.52
USR-00501,52.66,203.72,3.9,0.956,Drama,Drama|Comedy,20,0.49
USR-00502,77.85,168.57,4.1,0.965,Comedy,Comedy|Thriller,21,0.69
USR-00503,35.71,55.65,4.2,0.736,Romance,Romance|Documentary|Horror|Action,16,0.29
USR-00504,29.82,57.49,7.7,0.698,Documentary,Documentary|Action,6,0.53
USR-00505,10.2,17.0,0.9,0.397,Horror,Horror|Animation,26,0.43
USR-00506,31.87,54.76,5.9,0.793,Animation,Animation|Horror,27,0.33
USR-00507,8.31,30.63,0.9,0.109,Drama,Drama|Animation,13,0.26
USR-00508,61.48,30.87,6.8,0.258,Drama,Drama|Comedy|Documentary,27,0.59
USR-00509,91.03,87.98,12.3,0.884,Thriller,Thriller|Animation|Reality,24,0.63
USR-00510,107.39,101.1,13.3,0.862,Romance,Romance|Comedy,8,0.56
USR-00511,2.7,24.6,1.0,0.197,Drama,Drama,17,0.22
USR-00512,106.58,114.98,12.1,0.773,Drama,Drama|Reality,10,0.48
USR-00513,42.1,50.83,4.3,0.698,Action,Action|Comedy|Animation,23,0.38
USR-00514,36.67,43.22,5.9,0.565,Animation,Animation|Romance,27,0.5
USR-00515,125.3,80.34,12.0,0.868,Romance,Romance,22,0.78
USR-00516,66.96,57.46,8.6,0.807,Reality,Reality|Horror|Documentary,14,0.42
USR-00517,9.22,33.36,3.7,0.193,Documentary,Documentary|Horror,23,0.43
USR-00518,136.69,52.85,15.9,0.721,Sci-Fi,Sci-Fi|Thriller,3,0.36
USR-00519,4.83,21.47,1.6,0.116,Comedy,Comedy,1,0.27
USR-00520,79.18,152.37,3.6,0.977,Sci-Fi,Sci-Fi|Thriller,8,0.39
USR-00521,31.86,41.93,4.5,0.728,Reality,Reality|Horror|Romance|Action,12,0.59
USR-00522,140.89,94.06,7.8,0.829,Animation,Animation|Documentary|Action,7,0.71
USR-00523,12.86,29.08,1.2,0.16,Sci-Fi,Sci-Fi,1,0.74
USR-00524,63.27,78.35,3.7,0.918,Documentary,Documentary|Thriller,29,0.79
USR-00525,41.58,33.71,5.4,0.5,Action,Action|Thriller|Romance|Animation,11,0.44
USR-00526,100.97,128.42,5.4,0.9,Drama,Drama|Sci-Fi,13,0.28
USR-00527,65.1,185.21,3.1,0.79,Action,Action|Comedy,17,0.73
USR-00528,16.24,31.34,2.0,0.417,Action,Action|Thriller,21,0.62
USR-00529,44.21,50.26,5.7,0.719,Drama,Drama|Thriller|Action|Comedy,29,0.29
USR-00530,6.84,13.69,3.2,0.342,Reality,Reality|Horror,11,0.58
USR-00531,10.59,1.0,1.6,0.233,Comedy,Comedy,16,0.75
USR-00532,26.08,17.28,3.8,0.742,Romance,Romance|Documentary|Thriller|Animation,11,0.22
USR-00533,6.95,22.3,1.3,0.07,Drama,Drama,7,0.3
USR-00534,124.75,109.21,11.6,0.815,Thriller,Thriller|Documentary,19,0.46
USR-00535,134.27,79.5,16.5,0.716,Reality,Reality|Romance|Sci-Fi,17,0.23
USR-00536,51.8,91.75,6.7,0.635,Sci-Fi,Sci-Fi|Animation|Horror|Documentary,7,0.69
USR-00537,113.24,105.15,13.4,0.821,Horror,Horror|Romance,6,0.55
USR-00538,105.66,97.83,13.2,0.83,Reality,Reality|Sci-Fi|Horror,27,0.27
USR-00539,12.77,1.0,2.6,0.184,Romance,Romance,8,0.64
USR-00540,79.61,182.57,4.9,0.985,Action,Action|Thriller,9,0.46
USR-00541,27.22,74.65,4.1,0.789,Drama,Drama|Romance|Comedy|Thriller,20,0.71
USR-00542,11.27,5.18,2.9,0.204,Horror,Horror,1,0.73
USR-00543,78.37,137.85,5.2,0.959,Sci-Fi,Sci-Fi|Action,22,0.67
USR-00544,161.2,104.96,11.2,0.899,Sci-Fi,Sci-Fi|Documentary|Romance,16,0.6
USR-00545,60.42,17.33,5.2,0.588,Horror,Horror|Drama|Animation,12,0.31
USR-00546,25.02,32.64,6.9,0.584,Thriller,Thriller|Horror|Drama|Documentary,26,0.36
USR-00547,139.0,79.01,8.7,0.768,Horror,Horror,7,0.7
USR-00548,7.29,30.75,1.9,0.077,Action,Action|Horror,18,0.22
USR-00549,45.4,25.76,5.6,0.68,Animation,Animation|Comedy|Horror|Action,28,0.59
USR-00550,52.55,48.85,4.4,0.812,Action,Action|Reality,10,0.38
USR-00551,155.38,80.13,14.0,0.986,Thriller,Thriller|Romance|Horror,5,0.78
USR-00552,92.85,78.72,15.1,0.933,Thriller,Thriller,18,0.7
USR-00553,77.88,108.12,2.7,0.664,Thriller,Thriller|Sci-Fi,29,0.73
USR-00554,164.69,102.98,8.7,0.906,Animation,Animation,2,0.31
USR-00555,106.91,89.49,13.7,0.972,Comedy,Comedy,18,0.38
USR-00556,57.81,54.33,3.4,0.463,Comedy,Comedy|Horror,0,0.37
USR-00557,48.36,36.88,2.1,0.731,Animation,Animation|Sci-Fi|Thriller,3,0.76
USR-00558,48.68,44.1,8.5,0.428,Action,Action|Romance|Horror,11,0.29
USR-00559,49.01,42.15,5.6,0.345,Romance,Romance|Thriller|Animation,26,0.76
USR-00560,73.5,86.79,10.8,0.917,Documentary,Documentary,24,0.26
USR-00561,93.92,101.25,14.9,0.941,Horror,Horror|Documentary|Action,8,0.22
USR-00562,12.36,10.66,1.0,0.5,Thriller,Thriller,6,0.34
USR-00563,10.77,35.87,0.9,0.28,Drama,Drama,12,0.35
USR-00564,20.61,22.82,2.6,0.612,Documentary,Documentary,24,0.2
USR-00565,0.1,18.09,1.2,0.344,Documentary,Documentary,25,0.47
USR-00566,13.15,32.45,4.1,0.084,Horror,Horror,28,0.62
USR-00567,86.96,69.18,8.9,0.807,Drama,Drama|Reality|Comedy,22,0.76
USR-00568,42.07,44.64,4.9,0.694,Comedy,Comedy|Sci-Fi|Drama|Horror,22,0.35
USR-00569,27.69,22.86,4.8,0.373,Sci-Fi,Sci-Fi|Animation,28,0.3
USR-00570,69.76,33.97,3.4,0.466,Sci-Fi,Sci-Fi|Horror,25,0.47
USR-00571,13.71,25.75,0.6,0.089,Romance,Romance|Comedy,25,0.56
USR-00572,37.83,34.92,6.2,0.696,Horror,Horror|Documentary,7,0.64
USR-00573,10.07,12.2,0.5,0.722,Horror,Horror,20,0.57
USR-00574,65.33,133.77,4.3,0.946,Comedy,Comedy|Action,16,0.23
USR-00575,42.86,23.32,7.2,0.471,Animation,Animation|Sci-Fi|Comedy,4,0.26
USR-00576,77.21,160.04,4.7,0.616,Thriller,Thriller|Drama,18,0.34
USR-00577,30.99,42.26,7.3,0.527,Horror,Horror|Romance,29,0.32
USR-00578,77.37,201.89,3.4,0.994,Thriller,Thriller|Sci-Fi,18,0.54
USR-00579,50.37,47.19,5.9,0.682,Reality,Reality|Animation,20,0.57
USR-00580,36.23,37.41,10.1,0.432,Animation,Animation|Horror|Documentary,13,0.32
USR-00581,47.91,17.04,6.2,0.807,Romance,Romance|Comedy|Documentary|Reality,4,0.6
USR-00582,154.48,121.19,9.7,0.817,Comedy,Comedy|Horror|Reality,9,0.75
USR-00583,48.22,46.98,7.1,0.64,Reality,Reality|Documentary|Drama,27,0.27
USR-00584,70.52,153.82,4.8,0.809,Thriller,Thriller|Action,8,0.77
USR-00585,15.01,23.74,2.9,0.328,Animation,Animation,21,0.7
USR-00586,165.65,117.6,10.8,0.683,Animation,Animation|Reality,17,0.76
USR-00587,65.68,69.47,7.4,0.223,Romance,Romance|Documentary|Comedy|Thriller,22,0.76
USR-00588,90.31,114.48,8.4,0.678,Sci-Fi,Sci-Fi,11,0.41
USR-00589,240.77,103.83,12.3,0.766,Horror,Horror|Drama|Action,21,0.44
USR-00590,55.83,190.12,4.0,0.655,Drama,Drama|Comedy,29,0.74
USR-00591,56.02,37.26,4.3,0.637,Thriller,Thriller|Romance|Reality|Comedy,27,0.76
USR-00592,65.41,22.16,8.5,0.828,Action,Action|Romance,2,0.55
USR-00593,54.67,54.74,3.9,0.513,Documentary,Documentary|Thriller,27,0.7
USR-00594,116.35,89.22,11.3,0.801,Romance,Romance|Animation,5,0.52
USR-00595,29.72,42.09,2.5,0.721,Comedy,Comedy|Thriller|Documentary,25,0.65
USR-00596,4.33,6.38,1.6,0.188,Documentary,Documentary,17,0.63
USR-00597,6.59,18.4,1.8,0.73,Thriller,Thriller|Drama,4,0.55
USR-00598,58.6,169.82,4.2,0.988,Comedy,Comedy|Thriller,0,0.53
USR-00599,10.82,7.07,1.0,0.481,Romance,Romance|Reality,24,0.31
USR-00600,28.15,46.14,4.2,0.767,Action,Action|Comedy,19,0.71
USR-00601,4.5,28.37,2.5,0.148,Comedy,Comedy|Documentary,23,0.34
USR-00602,52.88,129.82,4.1,0.893,Thriller,Thriller|Sci-Fi,23,0.45
USR-00603,7.87,22.32,2.4,0.407,Reality,Reality|Horror,3,0.61
USR-00604,57.26,189.27,4.2,0.985,Drama,Drama|Sci-Fi,8,0.59
USR-00605,12.87,12.59,2.2,0.281,Thriller,Thriller|Action,15,0.51
USR-00606,106.75,114.61,3.7,0.952,Drama,Drama|Sci-Fi,23,0.47
USR-00607,110.79,70.14,11.1,0.814,Sci-Fi,Sci-Fi|Romance|Reality,8,0.63
USR-00608,13.81,13.49,2.5,0.272,Reality,Reality|Drama,16,0.2
USR-00609,41.0,37.29,5.1,0.67,Drama,Drama|Reality|Comedy,9,0.52
USR-00610,45.13,25.59,6.2,0.795,Drama,Drama|Action,18,0.42
USR-00611,12.64,26.97,1.9,0.062,Comedy,Comedy|Documentary,12,0.32
USR-00612,97.29,114.35,6.2,0.988,Sci-Fi,Sci-Fi|Action,2,0.2
USR-00613,48.93,195.1,5.1,0.869,Action,Action|Sci-Fi,22,0.57
USR-00614,49.3,32.34,3.1,0.548,Thriller,Thriller|Comedy|Reality,9,0.35
USR-00615,18.99,40.84,2.1,0.107,Horror,Horror,10,0.77
USR-00616,7.37,22.93,1.0,0.319,Drama,Drama|Action,17,0.42
USR-00617,37.94,45.42,9.8,0.214,Documentary,Documentary|Animation|Action|Sci-Fi,10,0.25
USR-00618,109.2,75.19,11.3,0.801,Comedy,Comedy|Drama,29,0.6
USR-00619,105.65,113.18,10.8,0.772,Action,Action|Documentary|Drama,22,0.61
USR-00620,6.13,10.85,2.7,0.233,Horror,Horror|Action,9,0.74
USR-00621,48.49,62.89,5.9,0.673,Romance,Romance|Sci-Fi,22,0.52
USR-00622,76.54,159.28,4.9,0.988,Sci-Fi,Sci-Fi|Drama,19,0.35
USR-00623,66.95,48.96,7.4,0.618,Reality,Reality|Comedy|Drama|Animation,16,0.46
USR-00624,74.43,159.9,4.7,0.78,Comedy,Comedy|Drama,20,0.56
USR-00625,41.22,55.72,7.2,0.54,Romance,Romance|Comedy,24,0.62
USR-00626,11.03,3.67,2.2,0.557,Comedy,Comedy|Romance,0,0.7
USR-00627,122.54,115.55,11.6,0.964,Documentary,Documentary|Thriller,6,0.37
USR-00628,41.33,59.77,10.0,0.761,Action,Action|Documentary,10,0.63
USR-00629,10.25,17.08,0.5,0.387,Documentary,Documentary,29,0.68
USR-00630,41.94,90.43,4.0,0.81,Thriller,Thriller|Action,3,0.42
USR-00631,17.76,16.76,1.9,0.551,Horror,Horror,10,0.67
USR-00632,125.82,92.01,10.3,0.695,Animation,Animation|Horror|Documentary,23,0.63
USR-00633,33.44,37.75,10.4,0.618,Comedy,Comedy|Thriller|Drama,17,0.26
USR-00634,109.43,108.3,11.6,0.643,Reality,Reality|Action,8,0.61
USR-00635,120.94,70.66,9.9,0.962,Sci-Fi,Sci-Fi|Documentary|Comedy,28,0.35
USR-00636,18.2,36.73,0.5,0.451,Animation,Animation,5,0.65
USR-00637,13.53,1.0,1.2,0.161,Reality,Reality,8,0.28
USR-00638,12.7,21.49,1.7,0.386,Horror,Horror|Thriller,10,0.78
USR-00639,73.09,121.49,6.2,0.761,Action,Action|Comedy,2,0.58
USR-00640,0.1,20.57,2.0,0.443,Action,Action,1,0.53
USR-00641,7.14,8.15,1.8,0.326,Action,Action|Romance,11,0.29
USR-00642,139.84,95.01,9.8,0.91,Comedy,Comedy,11,0.29
USR-00643,116.07,101.12,10.6,0.614,Comedy,Comedy,16,0.43
USR-00644,4.35,4.38,2.6,0.338,Sci-Fi,Sci-Fi,19,0.53
USR-00645,27.88,142.79,4.5,0.968,Action,Action|Comedy,14,0.63
USR-00646,153.81,87.63,11.4,0.826,Action,Action|Comedy,2,0.65
USR-00647,79.21,48.49,3.4,0.486,Reality,Reality|Drama|Thriller|Action,10,0.77
USR-00648,15.83,16.69,3.2,0.153,Romance,Romance,22,0.46
USR-00649,113.52,101.46,10.6,0.859,Action,Action|Comedy,10,0.46
USR-00650,36.22,66.3,8.8,0.362,Drama,Drama|Documentary,18,0.78
USR-00651,66.75,159.55,2.8,0.981,Drama,Drama|Thriller,7,0.67
USR-00652,5.66,27.9,3.5,0.156,Thriller,Thriller|Sci-Fi,29,0.48
USR-00653,55.83,118.16,13.1,0.968,Horror,Horror,14,0.42
USR-00654,70.4,151.66,5.2,0.96,Sci-Fi,Sci-Fi|Comedy,28,0.23
USR-00655,66.1,49.1,6.9,0.65,Sci-Fi,Sci-Fi|Documentary|Comedy|Romance,17,0.65
USR-00656,92.36,115.45,4.3,0.996,Thriller,Thriller|Action,10,0.46
USR-00657,51.38,69.6,9.4,0.732,Reality,Reality|Sci-Fi,19,0.62
USR-00658,63.17,62.37,6.9,0.483,Comedy,Comedy|Action,29,0.71
USR-00659,33.76,41.05,6.7,0.45,Reality,Reality|Horror|Thriller,6,0.7
USR-00660,42.41,22.67,7.5,0.692,Action,Action|Sci-Fi|Reality|Comedy,10,0.23
USR-00661,46.52,146.47,2.8,0.987,Sci-Fi,Sci-Fi|Drama,12,0.8
USR-00662,135.77,50.17,8.9,0.609,Documentary,Documentary|Comedy,5,0.7
USR-00663,157.01,99.26,8.4,0.937,Thriller,Thriller,17,0.61
USR-00664,27.27,67.92,6.9,0.338,Thriller,Thriller|Romance|Reality,27,0.48
USR-00665,17.31,1.23,2.5,0.224,Action,Action,15,0.45
USR-00666,7.5,19.29,1.0,0.323,Documentary,Documentary,8,0.39
USR-00667,76.43,171.6,2.8,0.978,Comedy,Comedy|Thriller,9,0.43
USR-00668,32.06,76.65,2.9,0.26,Action,Action|Sci-Fi|Animation|Romance,18,0.78
USR-00669,21.79,25.83,7.0,0.665,Action,Action|Documentary,1,0.45
USR-00670,146.82,96.24,8.5,0.897,Sci-Fi,Sci-Fi|Thriller|Action,6,0.61
USR-00671,40.07,69.21,8.1,0.26,Documentary,Documentary|Romance|Comedy,21,0.75
USR-00672,115.04,83.16,3.6,0.743,Drama,Drama|Action,29,0.49
USR-00673,12.55,3.29,0.5,0.586,Drama,Drama|Comedy,27,0.8
USR-00674,73.28,60.06,5.3,0.77,Romance,Romance|Animation|Drama|Reality,23,0.65
USR-00675,48.11,14.83,4.8,0.924,Documentary,Documentary|Comedy|Thriller,8,0.5
USR-00676,60.06,117.09,4.7,0.512,Thriller,Thriller|Sci-Fi,12,0.35
USR-00677,20.97,66.56,6.2,0.633,Horror,Horror|Romance|Animation|Action,4,0.4
USR-00678,166.65,69.42,10.9,0.871,Reality,Reality|Thriller|Comedy,23,0.56
USR-00679,47.78,76.97,6.9,0.678,Animation,Animation|Comedy,16,0.35
USR-00680,192.22,118.56,15.5,0.96,Action,Action,10,0.62
USR-00681,136.84,114.66,8.5,0.815,Sci-Fi,Sci-Fi|Animation,21,0.71
USR-00682,110.24,71.2,13.4,0.609,Romance,Romance|Documentary|Reality,18,0.56
USR-00683,51.43,60.76,4.7,0.828,Drama,Drama|Sci-Fi,18,0.54
USR-00684,7.85,9.26,1.5,0.254,Sci-Fi,Sci-Fi|Thriller,3,0.76
USR-00685,50.16,36.35,4.8,0.621,Horror,Horror|Thriller|Sci-Fi|Documentary,27,0.34
USR-00686,38.3,44.29,8.9,0.661,Romance,Romance|Drama|Horror,22,0.37
USR-00687,77.65,166.34,4.8,0.989,Comedy,Comedy|Action,18,0.57
USR-00688,12.07,19.3,1.2,0.396,Documentary,Documentary,19,0.23
USR-00689,44.51,53.93,7.9,0.71,Animation,Animation|Romance,0,0.67
USR-00690,43.45,29.86,2.3,0.896,Horror,Horror|Sci-Fi|Action,4,0.58
USR-00691,84.96,152.87,3.8,0.74,Drama,Drama|Action,6,0.25
USR-00692,101.27,115.63,9.8,0.746,Reality,Reality|Comedy|Thriller,27,0.49
USR-00693,42.91,48.05,5.0,0.822,Drama,Drama|Sci-Fi,5,0.6
USR-00694,100.98,197.11,3.2,0.79,Comedy,Comedy|Sci-Fi,19,0.63
USR-00695,15.52,25.48,6.0,0.633,Comedy,Comedy|Action|Romance,25,0.54
USR-00696,11.28,10.4,1.7,0.563,Comedy,Comedy,8,0.67
USR-00697,44.31,35.08,7.7,0.501,Sci-Fi,Sci-Fi|Documentary|Reality,16,0.37
USR-00698,9.83,22.08,1.1,0.356,Horror,Horror,11,0.53
USR-00699,46.81,74.62,1.6,0.576,Documentary,Documentary|Action,4,0.32
USR-00700,138.41,52.42,14.3,0.846,Comedy,Comedy|Animation,29,0.57
USR-00701,54.45,55.1,4.1,0.366,Comedy,Comedy|Reality,16,0.65
USR-00702,162.49,61.77,19.1,0.823,Documentary,Documentary,4,0.74
USR-00703,73.65,183.11,3.8,0.947,Sci-Fi,Sci-Fi|Thriller,18,0.79
USR-00704,18.33,66.18,6.3,0.526,Sci-Fi,Sci-Fi|Documentary,5,0.63
USR-00705,20.47,28.2,6.7,0.765,Reality,Reality|Romance|Animation|Thriller,25,0.58
USR-00706,9.35,18.46,1.6,0.134,Comedy,Comedy|Action,16,0.58
USR-00707,7.34,14.29,2.6,0.059,Comedy,Comedy|Animation,14,0.56
USR-00708,47.35,36.76,4.4,0.535,Action,Action|Documentary|Drama,4,0.21
USR-00709,28.24,47.46,5.6,0.583,Documentary,Documentary|Horror|Romance,13,0.69
USR-00710,72.35,154.38,3.0,0.874,Thriller,Thriller|Action,2,0.29
USR-00711,7.16,49.59,1.3,0.025,Reality,Reality|Animation,25,0.4
USR-00712,9.05,17.4,2.2,0.478,Comedy,Comedy|Sci-Fi,6,0.41
USR-00713,90.8,158.2,4.1,0.961,Sci-Fi,Sci-Fi|Action,17,0.5
USR-00714,8.46,46.79,0.5,0.395,Action,Action|Comedy,13,0.21
USR-00715,168.69,73.06,14.7,0.93,Drama,Drama|Romance|Horror,0,0.77
USR-00716,51.2,36.2,3.0,0.818,Horror,Horror|Documentary|Romance,18,0.38
USR-00717,95.2,83.48,11.3,0.629,Documentary,Documentary,7,0.47
USR-00718,5.63,10.29,1.6,0.18,Documentary,Documentary,11,0.42
USR-00719,84.3,147.01,2.6,0.93,Sci-Fi,Sci-Fi|Thriller,27,0.72
USR-00720,36.53,32.62,4.2,0.426,Sci-Fi,Sci-Fi|Romance,3,0.54
USR-00721,39.77,69.45,6.8,0.442,Action,Action|Reality|Thriller,13,0.31
USR-00722,70.48,103.07,8.9,0.896,Comedy,Comedy,10,0.27
USR-00723,95.56,142.06,3.4,0.871,Action,Action|Thriller,12,0.69
USR-00724,131.11,66.63,14.2,0.808,Animation,Animation|Documentary,0,0.64
USR-00725,152.14,68.79,5.9,0.52,Documentary,Documentary|Horror,21,0.43
USR-00726,153.2,96.23,8.8,0.92,Comedy,Comedy,19,0.51
USR-00727,123.0,81.94,10.3,0.717,Romance,Romance|Horror,7,0.74
USR-00728,24.61,48.49,2.9,0.545,Animation,Animation|Sci-Fi|Documentary|Drama,22,0.38
USR-00729,33.52,35.59,6.0,0.426,Documentary,Documentary|Horror|Action,13,0.26
USR-00730,85.53,38.01,5.2,0.713,Animation,Animation|Reality|Drama|Documentary,6,0.43
USR-00731,82.36,84.84,5.7,0.778,Romance,Romance,24,0.37
USR-00732,148.68,103.46,13.9,0.759,Drama,Drama,26,0.61
USR-00733,22.43,53.59,6.2,0.728,Thriller,Thriller|Drama|Horror,23,0.44
USR-00734,117.52,121.89,10.7,0.8,Animation,Animation,27,0.5
USR-00735,17.72,21.08,3.0,0.282,Action,Action,17,0.48
USR-00736,143.42,121.4,15.8,0.879,Documentary,Documentary,16,0.7
USR-00737,48.17,45.82,6.9,0.95,Action,Action|Sci-Fi|Reality,7,0.51
USR-00738,45.04,52.94,6.0,0.72,Action,Action|Sci-Fi|Thriller,4,0.75
USR-00739,36.5,52.58,7.6,0.366,Comedy,Comedy|Drama|Thriller,20,0.59
USR-00740,142.14,104.18,18.8,0.485,Drama,Drama,17,0.5
USR-00741,123.95,84.51,10.4,0.88,Reality,Reality,2,0.32
USR-00742,46.01,149.87,6.9,0.938,Comedy,Comedy|Action,25,0.26
USR-00743,114.98,88.19,12.1,0.975,Action,Action|Comedy|Horror,6,0.52
USR-00744,60.64,54.31,10.8,0.635,Sci-Fi,Sci-Fi|Romance|Action,12,0.32
USR-00745,44.51,53.14,6.5,0.766,Comedy,Comedy|Romance|Documentary,17,0.39
USR-00746,54.72,57.59,2.5,0.619,Sci-Fi,Sci-Fi|Horror|Romance,18,0.65
USR-00747,42.62,63.46,3.5,0.807,Action,Action|Documentary|Sci-Fi,11,0.57
USR-00748,7.52,15.06,3.0,0.247,Animation,Animation,1,0.28
USR-00749,12.23,17.39,3.5,0.529,Documentary,Documentary,24,0.4
USR-00750,75.33,52.69,8.1,0.121,Horror,Horror|Comedy,4,0.49
USR-00751,16.75,61.96,8.4,0.615,Comedy,Comedy|Animation|Drama,9,0.64
USR-00752,116.34,85.78,12.8,0.761,Comedy,Comedy|Documentary,20,0.37
USR-00753,56.04,17.63,2.4,0.547,Drama,Drama|Romance,17,0.65
USR-00754,3.29,23.87,0.5,0.357,Comedy,Comedy|Action,10,0.6
USR-00755,74.96,56.1,12.4,0.784,Action,Action|Documentary,20,0.45
USR-00756,25.18,32.32,6.2,0.813,Sci-Fi,Sci-Fi|Reality,13,0.54
USR-00757,71.01,144.26,3.6,0.661,Action,Action|Comedy,12,0.68
USR-00758,112.43,55.58,13.6,0.595,Reality,Reality,6,0.28
USR-00759,50.23,40.27,4.9,0.737,Horror,Horror|Drama|Documentary,16,0.72
USR-00760,10.41,25.15,2.6,0.185,Thriller,Thriller|Reality,24,0.59
USR-00761,140.39,80.24,14.5,0.956,Animation,Animation|Comedy|Thriller,0,0.77
USR-00762,134.2,58.74,10.3,0.934,Drama,Drama|Thriller,9,0.21
USR-00763,138.24,129.23,11.6,0.878,Documentary,Documentary,7,0.64
USR-00764,78.06,106.55,3.9,0.973,Action,Action|Thriller,6,0.21
USR-00765,133.3,98.66,9.1,0.783,Action,Action|Thriller|Animation,14,0.67
USR-00766,146.13,105.17,10.9,0.865,Horror,Horror|Reality|Animation,26,0.29
USR-00767,118.63,105.73,11.4,0.839,Reality,Reality|Romance|Sci-Fi,19,0.72
USR-00768,108.49,113.38,10.6,0.712,Documentary,Documentary|Comedy,3,0.27
USR-00769,6.09,2.37,2.0,0.153,Action,Action|Animation,19,0.66
USR-00770,109.8,110.74,15.8,0.987,Thriller,Thriller,22,0.45
USR-00771,44.69,29.41,3.4,0.746,Romance,Romance|Action,24,0.63
USR-00772,55.86,65.6,6.9,0.302,Thriller,Thriller|Sci-Fi,27,0.4
USR-00773,9.09,21.76,2.9,0.056,Comedy,Comedy|Reality,10,0.39
USR-00774,143.09,107.32,11.4,0.915,Horror,Horror|Thriller|Animation,5,0.73
USR-00775,88.36,149.74,3.5,0.989,Action,Action|Drama,25,0.45
USR-00776,11.6,26.0,2.6,0.755,Comedy,Comedy,10,0.31
USR-00777,122.81,115.05,16.6,0.88,Reality,Reality|Thriller|Romance,9,0.73
USR-00778,9.05,8.19,2.0,0.518,Animation,Animation,1,0.6
USR-00779,86.87,125.98,1.8,0.94,Sci-Fi,Sci-Fi|Drama,18,0.5
USR-00780,80.37,56.24,6.3,0.454,Comedy,Comedy|Documentary|Drama,5,0.68
USR-00781,82.63,133.06,2.2,0.973,Sci-Fi,Sci-Fi|Drama,13,0.73
USR-00782,48.11,37.45,7.6,0.695,Animation,Animation|Action|Documentary,21,0.66
USR-00783,1.4,22.95,0.5,0.326,Thriller,Thriller|Reality,13,0.5
USR-00784,62.6,128.55,4.8,0.784,Drama,Drama|Action,26,0.69
USR-00785,39.5,32.97,7.6,0.518,Reality,Reality|Thriller|Action|Animation,0,0.27
USR-00786,4.28,1.55,2.4,0.121,Romance,Romance,14,0.21
USR-00787,38.37,46.62,4.8,0.588,Sci-Fi,Sci-Fi|Romance|Animation,17,0.54
USR-00788,11.07,30.34,3.3,0.23,Drama,Drama|Romance,29,0.33
USR-00789,5.19,15.29,1.8,0.275,Comedy,Comedy|Thriller,28,0.48
USR-00790,56.87,85.89,10.6,0.89,Reality,Reality|Sci-Fi|Thriller,18,0.46
USR-00791,26.99,43.82,6.0,0.655,Drama,Drama|Horror|Reality|Comedy,12,0.38
USR-00792,44.18,31.57,3.7,0.954,Reality,Reality|Action,15,0.74
USR-00793,115.1,65.44,7.1,0.775,Romance,Romance|Reality,29,0.6
USR-00794,124.84,129.47,12.0,0.807,Comedy,Comedy|Reality|Horror,0,0.7
USR-00795,46.19,57.2,8.0,0.637,Drama,Drama|Thriller|Action|Horror,7,0.58
USR-00796,118.46,113.36,5.0,0.945,Thriller,Thriller|Animation,23,0.41
USR-00797,137.23,97.62,11.5,0.944,Animation,Animation|Romance|Documentary,17,0.25
USR-00798,8.65,25.31,2.4,0.214,Drama,Drama,20,0.59
USR-00799,16.86,37.83,1.3,0.265,Drama,Drama,3,0.51
USR-00800,16.42,24.94,1.7,0.154,Horror,Horror,2,0.77
USR-00801,39.24,27.98,4.4,0.44,Action,Action|Drama|Thriller,15,0.75
USR-00802,71.41,107.64,4.5,0.895,Comedy,Comedy|Action,24,0.71
USR-00803,63.78,46.14,7.3,0.723,Documentary,Documentary|Comedy|Horror|Reality,15,0.45
USR-00804,114.92,106.62,13.6,0.79,Comedy,Comedy|Horror,12,0.51
USR-00805,78.73,106.94,10.6,0.9,Action,Action|Drama,14,0.46
USR-00806,6.04,1.71,0.5,0.202,Horror,Horror|Thriller,26,0.67
USR-00807,150.83,122.46,6.3,0.752,Animation,Animation|Reality|Drama,15,0.43
USR-00808,51.0,33.74,3.3,0.475,Reality,Reality|Sci-Fi|Documentary,20,0.34
USR-00809,68.82,208.63,5.9,0.753,Thriller,Thriller|Action,19,0.24
USR-00810,147.32,86.05,13.7,0.843,Animation,Animation|Documentary,5,0.5
USR-00811,88.05,84.6,7.7,0.623,Romance,Romance,10,0.36
USR-00812,69.29,154.01,4.7,0.952,Sci-Fi,Sci-Fi|Comedy,23,0.33
USR-00813,71.93,53.95,4.7,0.683,Romance,Romance|Action|Comedy|Sci-Fi,3,0.65
USR-00814,150.62,76.58,6.5,0.859,Reality,Reality|Documentary,24,0.72
USR-00815,45.49,111.37,3.2,0.994,Comedy,Comedy|Drama,18,0.73
USR-00816,63.68,158.11,3.8,0.93,Action,Action|Comedy,29,0.53
USR-00817,51.88,37.4,8.1,0.642,Action,Action|Sci-Fi|Comedy|Romance,11,0.3
USR-00818,11.54,15.37,1.7,0.167,Sci-Fi,Sci-Fi|Documentary,1,0.63
USR-00819,70.93,46.71,8.3,0.709,Reality,Reality|Horror|Animation,15,0.66
USR-00820,114.8,132.23,6.5,0.904,Documentary,Documentary|Romance|Horror,19,0.48
USR-00821,64.03,57.25,4.9,0.79,Animation,Animation|Documentary|Drama|Action,15,0.68
USR-00822,65.24,50.56,3.9,0.754,Drama,Drama|Romance|Horror,22,0.49
USR-00823,18.62,1.0,2.1,0.497,Drama,Drama|Action,8,0.51
USR-00824,12.58,17.85,1.0,0.551,Action,Action|Drama,7,0.56
USR-00825,136.36,95.51,14.4,0.683,Thriller,Thriller|Sci-Fi,21,0.62
USR-00826,34.26,57.22,1.3,0.349,Drama,Drama|Animation,5,0.46
USR-00827,108.79,92.83,7.6,0.727,Drama,Drama|Action,5,0.4
USR-00828,110.69,189.49,4.7,0.645,Comedy,Comedy|Sci-Fi,3,0.68
USR-00829,64.31,53.65,4.6,0.565,Sci-Fi,Sci-Fi|Comedy,18,0.63
USR-00830,11.11,16.37,1.9,0.267,Horror,Horror,25,0.32
USR-00831,65.1,40.17,7.0,0.815,Animation,Animation|Drama,24,0.36
USR-00832,61.29,59.01,3.1,0.791,Horror,Horror|Animation,21,0.74
USR-00833,2.71,17.68,5.1,0.375,Animation,Animation|Romance,13,0.61
USR-00834,16.27,11.52,2.2,0.277,Reality,Reality|Thriller,29,0.24
USR-00835,39.38,41.08,7.7,0.537,Animation,Animation|Romance,27,0.78
USR-00836,14.78,1.0,1.4,0.311,Thriller,Thriller,23,0.31
USR-00837,54.46,171.15,3.8,0.826,Drama,Drama|Thriller,3,0.43
USR-00838,74.79,45.1,7.4,0.795,Thriller,Thriller|Animation|Comedy,28,0.69
USR-00839,55.77,67.76,5.9,0.714,Action,Action|Reality|Romance|Animation,10,0.33
USR-00840,103.89,47.28,10.0,0.829,Sci-Fi,Sci-Fi|Romance|Documentary,16,0.73
USR-00841,12.62,24.59,1.1,0.223,Action,Action|Documentary,26,0.29
USR-00842,43.17,28.14,3.7,0.336,Documentary,Documentary|Reality,5,0.71
USR-00843,25.32,27.04,5.5,0.523,Horror,Horror|Romance|Drama|Animation,12,0.59
USR-00844,63.87,88.74,8.3,0.83,Drama,Drama|Romance|Documentary,12,0.28
USR-00845,87.22,110.11,4.6,0.967,Comedy,Comedy|Thriller,0,0.7
USR-00846,55.33,67.43,5.9,0.721,Animation,Animation|Thriller,13,0.53
USR-00847,17.16,3.7,3.0,0.007,Horror,Horror,26,0.47
USR-00848,68.51,91.44,12.2,0.92,Drama,Drama|Comedy|Documentary,19,0.25
USR-00849,68.74,135.79,2.7,0.944,Thriller,Thriller|Drama,26,0.45
USR-00850,115.68,133.17,18.4,0.889,Horror,Horror|Action,15,0.34
USR-00851,119.69,104.12,13.6,0.858,Horror,Horror|Sci-Fi,20,0.34
USR-00852,75.33,134.76,4.8,0.987,Sci-Fi,Sci-Fi|Comedy,21,0.26
USR-00853,65.6,116.14,2.5,0.977,Sci-Fi,Sci-Fi|Thriller,1,0.43
USR-00854,112.18,64.0,14.1,0.8,Action,Action|Sci-Fi,20,0.74
USR-00855,34.75,62.84,10.1,0.934,Action,Action|Reality,28,0.37
USR-00856,14.19,1.43,1.6,0.161,Action,Action,5,0.4
USR-00857,94.29,122.45,3.7,0.932,Action,Action|Comedy,3,0.61
USR-00858,43.45,47.11,10.4,0.722,Documentary,Documentary|Horror,9,0.31
USR-00859,32.99,45.0,7.4,0.527,Horror,Horror|Drama,23,0.24
USR-00860,18.73,25.68,3.1,0.065,Reality,Reality,25,0.34
USR-00861,8.36,10.14,3.8,0.406,Sci-Fi,Sci-Fi|Comedy,10,0.44
USR-00862,13.67,12.18,0.5,0.308,Drama,Drama,7,0.64
USR-00863,79.11,41.5,6.7,0.449,Romance,Romance|Animation,3,0.57
USR-00864,112.91,113.48,15.4,0.777,Sci-Fi,Sci-Fi|Animation,15,0.59
USR-00865,52.72,198.79,5.6,0.956,Drama,Drama|Sci-Fi,13,0.24
USR-00866,32.89,180.9,5.5,0.984,Comedy,Comedy|Action,21,0.28
USR-00867,13.11,18.65,1.8,0.067,Sci-Fi,Sci-Fi|Comedy,15,0.48
USR-00868,139.28,125.19,7.4,0.787,Sci-Fi,Sci-Fi,1,0.54
USR-00869,122.53,77.36,12.8,0.926,Comedy,Comedy,1,0.31
USR-00870,11.57,24.18,3.0,0.081,Comedy,Comedy|Drama,25,0.26
USR-00871,153.4,90.53,9.4,0.926,Reality,Reality,13,0.34
USR-00872,109.57,122.36,4.6,0.775,Thriller,Thriller|Sci-Fi,26,0.64
USR-00873,43.2,45.04,3.9,0.636,Reality,Reality|Comedy|Animation,5,0.44
USR-00874,2.99,14.38,2.2,0.271,Drama,Drama,20,0.35
USR-00875,88.6,117.74,3.9,0.965,Thriller,Thriller|Action,1,0.7
USR-00876,76.55,61.0,6.7,0.39,Documentary,Documentary|Comedy,15,0.33
USR-00877,61.3,51.98,7.5,0.547,Documentary,Documentary|Drama|Action,29,0.23
USR-00878,7.95,16.27,1.9,0.063,Comedy,Comedy,23,0.7
USR-00879,58.72,42.77,4.8,0.526,Sci-Fi,Sci-Fi|Romance,24,0.3
USR-00880,58.2,44.52,4.3,0.495,Action,Action|Documentary,9,0.32
USR-00881,12.17,16.93,1.3,0.362,Sci-Fi,Sci-Fi|Comedy,10,0.47
USR-00882,49.27,137.46,2.7,0.927,Action,Action|Drama,29,0.67
USR-00883,39.48,42.65,6.9,0.853,Action,Action|Sci-Fi,1,0.25
USR-00884,152.22,79.83,13.2,0.881,Reality,Reality,21,0.26
USR-00885,43.07,92.98,4.2,0.77,Reality,Reality|Drama|Sci-Fi|Romance,4,0.51
USR-00886,57.31,22.75,4.5,0.455,Action,Action|Romance|Sci-Fi|Comedy,0,0.67
USR-00887,117.18,101.03,10.3,0.997,Thriller,Thriller|Romance,24,0.23
USR-00888,103.18,89.03,10.2,0.849,Action,Action,22,0.46
USR-00889,4.95,8.46,2.1,0.243,Action,Action,11,0.29
USR-00890,77.78,40.48,3.9,0.236,Romance,Romance|Comedy,15,0.77
USR-00891,54.25,91.0,6.2,0.998,Action,Action|Thriller,20,0.42
USR-00892,123.15,44.58,11.1,0.864,Horror,Horror|Animation|Sci-Fi,9,0.2
USR-00893,111.15,80.78,5.5,0.847,Sci-Fi,Sci-Fi|Reality,12,0.34
USR-00894,15.65,23.3,2.4,0.059,Action,Action|Comedy,27,0.56
USR-00895,77.33,174.83,2.3,0.775,Drama,Drama|Thriller,19,0.68
USR-00896,34.84,36.55,5.8,0.671,Thriller,Thriller|Sci-Fi|Reality|Comedy,4,0.72
USR-00897,114.75,67.65,15.1,0.966,Sci-Fi,Sci-Fi|Comedy|Animation,3,0.31
USR-00898,112.69,74.15,7.9,0.733,Drama,Drama|Reality,9,0.74
USR-00899,39.45,36.62,3.8,0.663,Documentary,Documentary|Animation|Comedy|Horror,4,0.67
USR-00900,80.63,17.99,3.5,0.631,Animation,Animation|Sci-Fi|Thriller|Comedy,14,0.63
USR-00901,20.91,58.35,6.1,0.755,Action,Action|Documentary|Thriller,11,0.25
USR-00902,123.0,97.41,13.0,0.688,Animation,Animation,8,0.34
USR-00903,30.74,61.21,3.7,0.765,Romance,Romance|Thriller|Drama|Comedy,0,0.34
USR-00904,75.32,115.59,3.9,0.833,Comedy,Comedy|Drama,11,0.25
USR-00905,8.2,1.0,1.4,0.266,Thriller,Thriller|Animation,12,0.52
USR-00906,24.38,30.86,8.3,0.608,Animation,Animation|Reality|Horror,1,0.43
USR-00907,133.88,80.19,9.2,0.701,Drama,Drama,19,0.48
USR-00908,51.93,43.85,2.7,0.493,Comedy,Comedy|Horror|Sci-Fi|Action,3,0.7
USR-00909,32.44,46.8,9.2,0.498,Sci-Fi,Sci-Fi|Comedy|Thriller|Drama,21,0.52
USR-00910,13.48,1.6,2.3,0.206,Thriller,Thriller|Drama,17,0.48
USR-00911,89.44,81.23,3.0,0.846,Action,Action|Sci-Fi,24,0.63
USR-00912,68.62,212.34,3.1,0.944,Comedy,Comedy|Drama,22,0.47
USR-00913,91.59,122.42,2.8,0.836,Comedy,Comedy|Action,6,0.75
USR-00914,57.68,112.82,2.0,0.859,Thriller,Thriller|Sci-Fi,12,0.45
USR-00915,90.19,142.88,4.4,0.896,Action,Action|Drama,21,0.54
USR-00916,96.25,98.93,7.9,0.601,Sci-Fi,Sci-Fi|Animation,2,0.29
USR-00917,104.89,106.26,15.1,0.616,Documentary,Documentary,13,0.59
USR-00918,32.69,50.67,5.9,0.845,Reality,Reality|Action|Sci-Fi,20,0.58
USR-00919,43.51,45.88,4.2,0.529,Sci-Fi,Sci-Fi|Romance|Action|Drama,10,0.4
USR-00920,131.3,80.27,12.3,0.684,Comedy,Comedy|Romance,18,0.51
USR-00921,4.53,11.7,3.5,0.395,Romance,Romance|Comedy,6,0.23
USR-00922,6.29,27.32,3.5,0.197,Animation,Animation,14,0.31
USR-00923,38.24,45.28,4.8,0.777,Horror,Horror|Thriller|Action|Animation,18,0.71
USR-00924,118.74,99.0,9.0,0.898,Action,Action|Animation|Comedy,7,0.42
USR-00925,51.58,20.26,9.5,0.902,Reality,Reality|Animation|Horror,26,0.42
USR-00926,151.11,100.5,9.5,0.952,Reality,Reality|Romance|Sci-Fi,15,0.43
USR-00927,57.49,129.88,3.4,0.572,Drama,Drama|Comedy,28,0.39
USR-00928,40.55,72.84,4.0,0.537,Animation,Animation|Sci-Fi|Horror,20,0.41
USR-00929,10.41,19.08,0.7,0.582,Reality,Reality,8,0.63
USR-00930,17.0,34.94,5.3,0.303,Comedy,Comedy|Thriller,22,0.68
USR-00931,51.37,74.04,4.4,0.185,Animation,Animation|Romance|Drama|Thriller,22,0.63
USR-00932,38.83,35.59,4.5,0.636,Animation,Animation|Reality,14,0.63
USR-00933,6.35,16.05,4.1,0.086,Animation,Animation,12,0.51
USR-00934,8.83,28.15,3.8,0.23,Horror,Horror,12,0.49
USR-00935,126.2,89.1,8.2,0.885,Animation,Animation,15,0.4
USR-00936,91.44,193.45,4.6,0.96,Action,Action|Sci-Fi,14,0.35
USR-00937,126.61,85.03,10.2,0.828,Drama,Drama,15,0.76
USR-00938,91.29,138.99,3.9,0.974,Action,Action|Drama,16,0.44
USR-00939,177.38,51.67,12.8,0.831,Sci-Fi,Sci-Fi,7,0.34
USR-00940,40.27,43.65,3.3,0.792,Action,Action|Sci-Fi|Thriller,1,0.55
USR-00941,18.58,22.49,3.6,0.348,Reality,Reality|Romance,14,0.41
USR-00942,125.79,67.72,12.0,0.915,Sci-Fi,Sci-Fi|Comedy,21,0.55
USR-00943,61.46,59.55,4.4,0.674,Thriller,Thriller|Documentary|Reality|Animation,15,0.28
USR-00944,60.83,35.83,4.8,0.458,Drama,Drama|Action|Sci-Fi,6,0.68
USR-00945,126.77,80.77,13.0,0.611,Documentary,Documentary|Reality|Drama,1,0.53
USR-00946,3.37,27.77,3.3,0.223,Thriller,Thriller,0,0.73
USR-00947,84.96,150.28,4.2,0.962,Thriller,Thriller|Comedy,18,0.44
USR-00948,136.58,155.82,3.9,0.932,Thriller,Thriller|Drama,29,0.45
USR-00949,23.64,65.15,5.4,0.565,Romance,Romance|Drama|Sci-Fi,22,0.3
USR-00950,43.49,40.06,5.8,0.664,Documentary,Documentary|Comedy|Drama,13,0.69
USR-00951,148.41,81.41,8.7,0.83,Horror,Horror|Action|Comedy,15,0.49
USR-00952,120.26,109.72,12.4,0.964,Documentary,Documentary|Action|Thriller,21,0.32
USR-00953,111.22,94.94,11.1,0.651,Comedy,Comedy|Horror|Action,3,0.79
USR-00954,73.57,151.24,3.8,0.978,Action,Action|Comedy,29,0.37
USR-00955,63.14,152.18,6.1,0.873,Drama,Drama|Thriller,13,0.73
USR-00956,7.49,20.7,3.1,0.145,Drama,Drama|Thriller,14,0.29
USR-00957,18.07,41.39,5.5,0.795,Documentary,Documentary|Drama,7,0.52
USR-00958,43.72,33.24,6.0,0.605,Action,Action|Thriller,14,0.29
USR-00959,40.81,38.66,4.1,0.774,Thriller,Thriller|Sci-Fi,29,0.61
USR-00960,58.1,47.95,9.1,0.478,Romance,Romance|Comedy|Thriller|Horror,21,0.3
USR-00961,32.76,53.0,6.8,0.826,Comedy,Comedy|Sci-Fi|Documentary|Thriller,24,0.72
USR-00962,159.16,83.0,9.6,0.767,Animation,Animation|Action|Romance,12,0.62
USR-00963,121.69,73.66,11.6,0.974,Romance,Romance|Animation|Thriller,15,0.3
USR-00964,74.78,159.17,2.7,0.983,Thriller,Thriller|Drama,13,0.77
USR-00965,38.67,49.24,5.7,0.873,Comedy,Comedy|Drama|Documentary,4,0.76
USR-00966,50.95,178.96,3.4,0.867,Thriller,Thriller|Comedy,14,0.22
USR-00967,85.9,87.49,13.1,0.861,Thriller,Thriller|Reality|Drama,25,0.59
USR-00968,57.91,39.74,11.6,0.361,Sci-Fi,Sci-Fi|Thriller|Action|Romance,11,0.26
USR-00969,58.99,95.13,10.3,0.811,Comedy,Comedy|Documentary,19,0.61
USR-00970,59.84,47.26,3.4,0.435,Romance,Romance|Action|Sci-Fi|Reality,16,0.29
USR-00971,111.99,101.04,8.6,0.94,Thriller,Thriller|Comedy,12,0.76
USR-00972,184.32,76.3,5.5,0.68,Animation,Animation|Comedy,10,0.33
USR-00973,72.63,130.26,3.6,0.998,Sci-Fi,Sci-Fi|Thriller,7,0.25
USR-00974,20.94,48.14,6.1,0.516,Comedy,Comedy|Documentary,11,0.31
USR-00975,6.12,19.84,2.0,0.092,Action,Action,5,0.33
USR-00976,76.16,64.2,3.6,0.644,Horror,Horror|Documentary|Romance,6,0.59
USR-00977,51.04,48.25,6.8,0.678,Horror,Horror|Animation|Action,17,0.38
USR-00978,48.13,37.41,5.7,0.458,Comedy,Comedy|Reality,13,0.36
USR-00979,90.2,105.47,7.8,0.989,Sci-Fi,Sci-Fi|Horror|Reality,9,0.46
USR-00980,42.87,188.16,3.8,0.727,Sci-Fi,Sci-Fi|Comedy,12,0.7
USR-00981,7.37,8.96,1.4,0.221,Romance,Romance,3,0.68
USR-00982,1.69,19.94,1.0,0.152,Comedy,Comedy,22,0.64
USR-00983,22.88,53.9,5.4,0.732,Reality,Reality|Romance,14,0.72
USR-00984,132.66,73.5,14.4,0.863,Comedy,Comedy|Horror|Animation,29,0.49
USR-00985,44.1,141.57,5.3,0.94,Comedy,Comedy|Drama,27,0.25
USR-00986,30.16,46.77,4.4,0.589,Documentary,Documentary|Animation|Drama|Action,7,0.62
USR-00987,116.31,48.99,11.6,0.883,Animation,Animation|Sci-Fi|Reality,8,0.29
USR-00988,57.14,47.18,6.2,0.515,Romance,Romance|Sci-Fi|Action,28,0.37
USR-00989,14.75,13.75,1.2,0.286,Sci-Fi,Sci-Fi,12,0.71
USR-00990,11.74,38.88,1.6,0.342,Sci-Fi,Sci-Fi|Reality,12,0.25
USR-00991,5.48,30.14,2.1,0.447,Documentary,Documentary|Thriller,1,0.41
USR-00992,16.57,38.56,1.8,0.184,Sci-Fi,Sci-Fi,12,0.45
USR-00993,49.32,82.79,17.5,0.615,Action,Action|Documentary,12,0.48
USR-00994,81.21,161.02,4.1,0.936,Action,Action|Sci-Fi,22,0.77
USR-00995,47.77,39.09,6.3,0.601,Horror,Horror|Action|Drama|Animation,27,0.39
USR-00996,15.99,16.37,3.4,0.22,Documentary,Documentary,24,0.37
USR-00997,147.04,103.87,12.9,0.741,Sci-Fi,Sci-Fi|Documentary,8,0.37
USR-00998,105.92,128.01,2.6,0.978,Comedy,Comedy|Thriller,0,0.67
USR-00999,38.36,24.23,3.6,0.562,Reality,Reality|Drama|Romance|Documentary,29,0.28
USR-01000,127.08,41.42,13.9,0.942,Reality,Reality|Sci-Fi,6,0.77
USR-01001,31.07,53.01,4.7,0.393,Thriller,Thriller|Reality,23,0.75
USR-01002,125.03,79.44,10.7,0.809,Documentary,Documentary,17,0.79
USR-01003,141.44,74.56,11.2,0.907,Drama,Drama,22,0.38
USR-01004,13.38,3.78,2.6,0.215,Animation,Animation|Horror,16,0.52
USR-01005,62.76,34.44,3.9,0.862,Reality,Reality|Comedy|Drama|Animation,26,0.51
USR-01006,66.7,155.4,4.2,0.987,Sci-Fi,Sci-Fi|Comedy,6,0.22
USR-01007,57.82,26.61,7.2,0.645,Thriller,Thriller|Comedy,25,0.67
USR-01008,18.66,26.86,0.7,0.091,Comedy,Comedy,18,0.71
USR-01009,42.29,74.77,4.1,0.426,Documentary,Documentary|Reality|Sci-Fi,27,0.68
USR-01010,23.42,25.51,1.9,0.128,Animation,Animation|Romance,16,0.26
USR-01011,49.44,42.34,4.1,0.694,Romance,Romance|Action,9,0.21
USR-01012,26.97,41.64,7.9,0.489,Comedy,Comedy|Sci-Fi|Horror,19,0.36
USR-01013,71.04,139.27,2.3,0.827,Thriller,Thriller|Sci-Fi,0,0.54
USR-01014,44.11,35.58,5.0,0.425,Reality,Reality|Comedy,27,0.77
USR-01015,113.8,106.24,11.3,0.77,Romance,Romance|Horror|Animation,27,0.32
USR-01016,7.34,17.59,2.3,0.217,Thriller,Thriller|Horror,4,0.42
USR-01017,12.14,14.51,2.2,0.3,Sci-Fi,Sci-Fi|Comedy,28,0.45
USR-01018,95.3,67.52,11.0,0.87,Romance,Romance|Reality,21,0.78
USR-01019,39.34,46.57,6.9,0.439,Comedy,Comedy|Horror|Drama|Romance,19,0.36
USR-01020,74.59,157.25,4.4,0.994,Thriller,Thriller|Sci-Fi,12,0.44
USR-01021,12.75,28.78,1.8,0.304,Sci-Fi,Sci-Fi,25,0.75
USR-01022,122.48,173.05,5.3,0.956,Sci-Fi,Sci-Fi|Drama,8,0.27
USR-01023,42.33,32.76,5.6,0.938,Drama,Drama|Animation|Horror,8,0.62
USR-01024,4.84,21.72,2.1,0.169,Action,Action|Documentary,25,0.37
USR-01025,47.9,39.69,7.2,0.809,Reality,Reality|Action|Horror|Sci-Fi,15,0.54
USR-01026,117.35,123.38,6.1,0.928,Comedy,Comedy|Sci-Fi,24,0.61
USR-01027,41.06,28.88,7.5,0.66,Drama,Drama|Comedy|Sci-Fi,11,0.28
USR-01028,4.3,17.11,2.6,0.286,Drama,Drama|Horror,27,0.68
USR-01029,40.87,68.16,5.4,0.895,Comedy,Comedy|Thriller|Action,25,0.22
USR-01030,51.96,38.07,4.8,0.858,Romance,Romance|Drama,23,0.58
USR-01031,16.48,4.15,2.7,0.314,Animation,Animation,26,0.41
USR-01032,25.79,36.29,6.3,0.838,Documentary,Documentary|Comedy|Sci-Fi|Thriller,18,0.47
USR-01033,112.49,212.03,4.2,0.816,Comedy,Comedy|Drama,19,0.32
USR-01034,40.78,32.11,4.2,0.796,Comedy,Comedy|Sci-Fi|Drama,10,0.2
USR-01035,19.34,39.58,2.0,0.287,Action,Action|Romance,11,0.48
USR-01036,74.25,34.04,9.5,0.422,Drama,Drama|Comedy|Animation|Action,4,0.43
USR-01037,39.73,17.72,4.8,0.746,Comedy,Comedy|Romance|Documentary|Reality,0,0.67
USR-01038,34.01,39.72,6.0,0.51,Comedy,Comedy|Action,26,0.5
USR-01039,113.88,130.24,16.4,0.863,Sci-Fi,Sci-Fi,5,0.41
USR-01040,122.25,139.67,10.9,0.478,Reality,Reality|Sci-Fi|Thriller,1,0.3
USR-01041,12.36,19.03,2.4,0.497,Romance,Romance|Sci-Fi,14,0.68
USR-01042,10.05,11.85,0.7,0.131,Documentary,Documentary,16,0.77
USR-01043,7.15,20.8,2.4,0.396,Drama,Drama|Animation,25,0.54
USR-01044,78.59,95.46,14.4,0.429,Drama,Drama|Action,6,0.38
USR-01045,55.37,34.65,5.9,0.661,Horror,Horror|Drama|Reality,13,0.64
USR-01046,114.71,93.24,14.3,0.867,Sci-Fi,Sci-Fi,26,0.22
USR-01047,12.02,32.41,2.7,0.202,Action,Action|Comedy,20,0.8
USR-01048,66.87,207.1,4.4,0.934,Sci-Fi,Sci-Fi|Action,7,0.78
USR-01049,85.54,70.86,9.4,0.859,Horror,Horror,2,0.25
USR-01050,10.26,24.63,1.1,0.103,Action,Action,9,0.7
USR-01051,120.05,79.0,11.7,0.861,Action,Action|Documentary,27,0.64
USR-01052,18.44,68.61,6.3,0.785,Sci-Fi,Sci-Fi|Reality|Documentary,26,0.59
USR-01053,48.96,82.29,15.5,0.883,Romance,Romance|Horror|Sci-Fi,20,0.59
USR-01054,10.02,20.54,8.4,0.777,Comedy,Comedy|Reality,2,0.38
USR-01055,12.96,28.75,0.5,0.28,Documentary,Documentary,12,0.35
USR-01056,103.24,159.9,2.5,0.658,Action,Action|Drama,4,0.34
USR-01057,87.09,112.63,11.5,0.885,Comedy,Comedy|Romance|Documentary,20,0.57
USR-01058,53.2,51.22,2.8,0.63,Reality,Reality|Comedy,29,0.59
USR-01059,8.23,10.91,0.9,0.179,Horror,Horror|Comedy,10,0.51
USR-01060,72.54,135.43,4.3,0.926,Thriller,Thriller|Action,0,0.3
USR-01061,8.97,17.97,2.5,0.299,Action,Action|Comedy,9,0.4
USR-01062,47.01,55.7,4.2,0.832,Documentary,Documentary|Drama,12,0.24
USR-01063,10.41,20.67,1.2,0.179,Reality,Reality,3,0.72
USR-01064,27.43,30.23,8.3,0.471,Animation,Animation|Horror|Documentary|Comedy,27,0.64
USR-01065,74.88,217.84,5.8,0.989,Drama,Drama|Comedy,13,0.26
USR-01066,41.34,43.33,7.5,0.606,Comedy,Comedy|Animation|Action,19,0.22
USR-01067,8.9,23.71,1.1,0.423,Horror,Horror,12,0.36
USR-01068,85.67,108.38,10.6,0.683,Horror,Horror|Sci-Fi|Thriller,23,0.72
USR-01069,47.52,79.07,5.5,0.856,Drama,Drama|Sci-Fi,3,0.25
USR-01070,47.8,167.91,4.5,0.953,Drama,Drama|Comedy,4,0.36
USR-01071,4.28,14.31,2.0,0.311,Reality,Reality|Horror,29,0.52
USR-01072,31.36,17.73,7.4,0.349,Thriller,Thriller|Documentary|Horror|Animation,4,0.4
USR-01073,90.47,162.4,1.3,0.877,Drama,Drama|Action,3,0.38
USR-01074,58.82,149.49,4.1,0.937,Action,Action|Drama,7,0.32
USR-01075,52.16,46.9,7.0,0.378,Documentary,Documentary|Romance|Thriller,20,0.25
USR-01076,28.47,78.92,4.8,0.605,Comedy,Comedy|Reality|Action|Sci-Fi,10,0.65
USR-01077,63.73,34.42,7.1,0.6,Thriller,Thriller|Reality|Drama,15,0.8
USR-01078,15.05,22.9,1.2,0.225,Sci-Fi,Sci-Fi|Thriller,26,0.7
USR-01079,36.8,34.36,8.7,0.62,Comedy,Comedy|Animation|Reality|Horror,11,0.65
USR-01080,118.56,76.14,8.3,0.606,Documentary,Documentary|Animation,0,0.33
USR-01081,77.42,180.98,5.2,0.975,Comedy,Comedy|Action,13,0.32
USR-01082,84.14,197.38,5.0,0.972,Action,Action|Sci-Fi,2,0.79
USR-01083,13.73,16.55,3.3,0.12,Comedy,Comedy,8,0.29
USR-01084,87.71,175.45,4.6,0.985,Action,Action|Sci-Fi,25,0.63
USR-01085,8.27,6.81,1.3,0.181,Drama,Drama,8,0.72
USR-01086,14.54,8.61,1.3,0.462,Action,Action,29,0.71
USR-01087,12.65,8.68,1.5,0.199,Sci-Fi,Sci-Fi,6,0.59
USR-01088,46.58,49.06,4.8,0.692,Romance,Romance|Thriller|Animation|Comedy,18,0.57
USR-01089,56.8,36.84,3.1,0.506,Sci-Fi,Sci-Fi|Animation|Comedy|Reality,7,0.62
USR-01090,109.07,111.59,17.6,0.973,Horror,Horror|Animation,29,0.23
USR-01091,20.53,27.48,1.0,0.321,Reality,Reality,25,0.65
USR-01092,27.38,43.85,6.4,0.4,Sci-Fi,Sci-Fi|Action,4,0.34
USR-01093,48.3,60.54,5.8,0.492,Action,Action|Drama,23,0.31
USR-01094,68.79,70.92,1.9,0.398,Drama,Drama|Thriller|Reality,9,0.55
USR-01095,26.12,45.02,8.4,0.907,Sci-Fi,Sci-Fi|Animation,20,0.4
USR-01096,91.16,85.22,8.4,0.558,Animation,Animation|Drama,15,0.39
USR-01097,10.48,27.7,2.1,0.576,Thriller,Thriller,9,0.41
USR-01098,41.67,173.87,5.1,0.821,Thriller,Thriller|Action,0,0.24
USR-01099,154.95,100.96,10.2,0.94,Documentary,Documentary|Comedy|Drama,19,0.35
USR-01100,88.03,45.34,12.7,0.927,Action,Action|Romance|Documentary,23,0.45
USR-01101,50.65,44.22,7.6,0.738,Documentary,Documentary|Reality|Animation,21,0.53
USR-01102,9.99,6.88,3.2,0.271,Horror,Horror|Animation,15,0.72
USR-01103,12.27,14.18,2.9,0.299,Sci-Fi,Sci-Fi,9,0.59
USR-01104,164.88,98.28,12.1,0.782,Romance,Romance,24,0.73
USR-01105,20.83,12.51,3.2,0.261,Sci-Fi,Sci-Fi|Horror,0,0.7
USR-01106,164.13,111.8,16.8,0.752,Animation,Animation|Romance|Comedy,17,0.23
USR-01107,41.36,50.46,8.5,0.657,Animation,Animation|Sci-Fi|Documentary,1,0.38
USR-01108,58.86,188.82,4.9,0.77,Thriller,Thriller|Comedy,29,0.5
USR-01109,136.35,93.75,11.0,0.729,Action,Action,23,0.41
USR-01110,126.15,93.27,11.6,0.912,Comedy,Comedy|Romance|Thriller,24,0.42
USR-01111,45.64,45.94,3.5,0.727,Thriller,Thriller|Action|Horror,10,0.35
USR-01112,7.72,1.0,1.9,0.578,Thriller,Thriller|Animation,15,0.72
USR-01113,69.65,180.08,4.8,0.946,Thriller,Thriller|Drama,24,0.28
USR-01114,86.76,100.92,4.7,0.976,Action,Action|Drama,5,0.36
USR-01115,106.07,133.61,14.7,0.819,Documentary,Documentary,17,0.74
USR-01116,102.8,94.1,13.1,0.683,Sci-Fi,Sci-Fi|Comedy|Romance,10,0.43
USR-01117,7.43,1.0,0.6,0.241,Documentary,Documentary|Thriller,29,0.42
USR-01118,28.39,48.66,2.2,0.489,Animation,Animation|Action|Romance,15,0.46
USR-01119,119.72,142.04,4.1,0.845,Drama,Drama|Comedy,25,0.53
USR-01120,12.75,29.75,1.9,0.169,Animation,Animation|Horror,13,0.62
USR-01121,108.17,67.98,14.4,0.801,Reality,Reality|Drama,23,0.74
USR-01122,14.52,28.5,2.0,0.06,Reality,Reality,17,0.73
USR-01123,92.39,80.84,17.8,0.937,Animation,Animation,24,0.38
USR-01124,42.39,37.66,5.3,0.39,Animation,Animation|Reality,4,0.68
USR-01125,58.86,30.24,6.0,0.621,Horror,Horror|Thriller,11,0.35
USR-01126,50.98,39.25,2.2,0.619,Drama,Drama|Action|Horror|Animation,19,0.78
USR-01127,10.5,18.34,3.2,0.329,Animation,Animation|Thriller,8,0.42
USR-01128,14.89,12.5,1.9,0.206,Romance,Romance|Action,2,0.61
USR-01129,60.75,107.25,2.6,0.916,Drama,Drama|Action,11,0.53
USR-01130,101.28,180.47,2.7,0.919,Action,Action|Drama,23,0.7
USR-01131,32.3,37.02,6.4,0.752,Drama,Drama|Animation,4,0.32
USR-01132,120.9,91.71,7.5,0.638,Romance,Romance|Sci-Fi,1,0.5
USR-01133,6.89,26.71,2.2,0.288,Sci-Fi,Sci-Fi|Documentary,3,0.4
USR-01134,79.66,191.16,4.3,0.94,Action,Action|Drama,14,0.54
USR-01135,38.31,51.6,6.4,0.596,Action,Action|Sci-Fi|Animation,14,0.79
USR-01136,62.36,60.33,5.8,0.802,Animation,Animation|Drama|Sci-Fi|Thriller,25,0.21
USR-01137,33.09,41.0,4.6,0.714,Thriller,Thriller|Animation|Horror,10,0.37
USR-01138,141.91,101.02,16.7,0.525,Action,Action|Animation|Thriller,23,0.5
USR-01139,13.52,17.3,1.3,0.136,Documentary,Documentary|Action,16,0.47
USR-01140,31.21,27.95,6.6,0.504,Reality,Reality|Animation,14,0.57
USR-01141,20.38,30.76,1.1,0.42,Romance,Romance|Comedy,4,0.57
USR-01142,8.07,34.92,0.5,0.13,Action,Action,14,0.7
USR-01143,4.94,29.34,2.8,0.17,Thriller,Thriller|Horror,4,0.63
USR-01144,40.88,50.97,6.2,0.605,Sci-Fi,Sci-Fi|Thriller|Documentary|Reality,21,0.73
USR-01145,58.37,45.98,3.7,0.679,Romance,Romance|Comedy|Action|Horror,16,0.6
USR-01146,16.69,22.05,2.6,0.413,Documentary,Documentary|Reality,0,0.4
USR-01147,11.77,1.0,2.9,0.308,Sci-Fi,Sci-Fi,16,0.55
USR-01148,44.14,42.64,4.3,0.504,Romance,Romance|Documentary|Sci-Fi|Comedy,0,0.47
USR-01149,118.11,153.18,4.5,0.94,Comedy,Comedy|Sci-Fi,25,0.52
USR-01150,166.88,106.04,10.4,0.717,Documentary,Documentary|Comedy,20,0.68
USR-01151,77.12,114.47,4.5,0.971,Thriller,Thriller|Sci-Fi,20,0.47
USR-01152,161.66,119.03,11.6,0.938,Thriller,Thriller|Drama,26,0.45
USR-01153,76.93,92.99,11.7,0.831,Romance,Romance|Documentary|Thriller,11,0.48
USR-01154,42.33,57.06,7.0,0.742,Reality,Reality|Animation|Drama|Thriller,18,0.63
USR-01155,168.07,97.37,10.9,0.811,Drama,Drama|Thriller|Documentary,23,0.32
USR-01156,77.45,137.35,8.2,0.915,Sci-Fi,Sci-Fi|Reality|Horror,12,0.56
USR-01157,134.36,100.16,12.7,0.825,Action,Action|Animation|Horror,2,0.54
USR-01158,35.13,56.47,6.9,0.586,Drama,Drama|Reality|Animation|Sci-Fi,17,0.36
USR-01159,7.64,20.02,2.4,0.347,Romance,Romance|Animation,6,0.46
USR-01160,125.56,105.45,11.0,0.631,Documentary,Documentary,3,0.23
USR-01161,8.89,13.04,1.5,0.113,Sci-Fi,Sci-Fi|Documentary,20,0.33
USR-01162,11.84,20.79,1.5,0.102,Horror,Horror|Thriller,27,0.73
USR-01163,142.15,90.97,12.1,0.875,Romance,Romance|Animation|Action,23,0.64
USR-01164,129.26,78.32,13.0,0.881,Thriller,Thriller|Horror|Romance,3,0.44
USR-01165,100.43,120.39,4.5,0.992,Thriller,Thriller|Sci-Fi,4,0.62
USR-01166,19.38,34.5,0.5,0.169,Thriller,Thriller|Romance,18,0.57
USR-01167,28.45,50.86,4.4,0.88,Drama,Drama|Sci-Fi|Comedy|Reality,10,0.6
USR-01168,15.73,14.16,2.1,0.334,Comedy,Comedy|Animation,7,0.21
USR-01169,113.9,98.99,10.9,0.701,Romance,Romance,14,0.67
USR-01170,36.72,67.88,6.6,0.536,Action,Action|Romance|Comedy|Reality,14,0.74
USR-01171,8.3,21.6,0.5,0.401,Reality,Reality|Animation,18,0.6
USR-01172,43.39,57.59,6.0,0.546,Drama,Drama|Horror|Sci-Fi|Animation,11,0.25
USR-01173,4.76,34.34,2.5,0.171,Romance,Romance,28,0.73
USR-01174,59.12,52.78,3.7,0.454,Thriller,Thriller|Documentary,17,0.77
USR-01175,8.86,16.68,3.3,0.343,Romance,Romance|Documentary,1,0.25
USR-01176,52.31,33.32,4.6,0.817,Horror,Horror|Sci-Fi|Thriller|Action,15,0.76
USR-01177,24.69,52.8,2.9,0.629,Horror,Horror|Animation|Action,9,0.34
USR-01178,161.81,49.14,19.3,0.655,Comedy,Comedy|Thriller|Romance,13,0.67
USR-01179,136.12,72.06,11.0,0.878,Horror,Horror|Documentary,27,0.28
USR-01180,12.27,9.66,2.4,0.172,Documentary,Documentary,5,0.73
USR-01181,77.22,117.29,10.6,0.896,Thriller,Thriller|Reality|Documentary,24,0.23
USR-01182,82.15,60.83,13.8,0.868,Horror,Horror,26,0.31
USR-01183,124.1,95.57,7.7,0.68,Reality,Reality|Horror|Documentary,19,0.64
USR-01184,114.35,66.21,11.8,0.79,Drama,Drama,6,0.37
USR-01185,1.71,18.66,2.3,0.103,Action,Action|Horror,3,0.8
USR-01186,58.36,69.36,6.0,0.563,Romance,Romance|Action,7,0.7
USR-01187,48.24,230.64,3.6,0.975,Action,Action|Comedy,9,0.55
USR-01188,98.96,90.91,11.7,0.886,Animation,Animation,6,0.55
USR-01189,11.44,31.15,2.2,0.541,Horror,Horror,7,0.7
USR-01190,28.37,49.74,7.5,0.613,Documentary,Documentary|Action,9,0.41
USR-01191,50.99,60.12,7.5,0.871,Documentary,Documentary|Action|Reality|Sci-Fi,22,0.73
USR-01192,58.01,104.31,6.1,0.85,Comedy,Comedy|Drama,23,0.5
USR-01193,133.05,94.52,3.8,0.95,Thriller,Thriller|Action,24,0.41
USR-01194,63.14,108.29,3.9,0.583,Comedy,Comedy|Sci-Fi,22,0.48
USR-01195,92.18,92.73,9.1,0.837,Animation,Animation|Sci-Fi,8,0.73
USR-01196,134.26,103.82,12.1,0.667,Animation,Animation|Action|Sci-Fi,23,0.37
USR-01197,7.11,17.57,1.0,0.404,Comedy,Comedy,27,0.2
USR-01198,34.79,13.05,3.2,0.506,Action,Action|Horror,12,0.66
USR-01199,9.75,30.92,2.1,0.382,Romance,Romance|Animation,1,0.61
USR-01200,33.79,32.52,9.8,0.744,Reality,Reality|Action|Horror,18,0.21
USR-01201,29.28,24.5,6.3,0.8,Reality,Reality|Thriller|Documentary|Sci-Fi,14,0.66
USR-01202,19.73,25.61,3.4,0.153,Comedy,Comedy,12,0.44
USR-01203,15.69,33.46,1.4,0.116,Comedy,Comedy|Romance,1,0.3
USR-01204,166.92,60.75,17.0,0.647,Comedy,Comedy|Animation|Thriller,23,0.33
USR-01205,82.09,95.36,7.1,0.692,Romance,Romance|Drama,13,0.2
USR-01206,6.19,14.2,1.4,0.12,Romance,Romance,8,0.49
USR-01207,29.58,42.58,6.2,0.468,Reality,Reality|Comedy|Action|Documentary,25,0.47
USR-01208,79.87,63.26,4.7,0.484,Comedy,Comedy|Action|Documentary|Romance,6,0.42
USR-01209,56.9,48.09,6.3,0.759,Reality,Reality|Sci-Fi,18,0.44
USR-01210,7.16,38.71,1.7,0.12,Drama,Drama|Romance,0,0.26
USR-01211,12.92,11.07,2.9,0.426,Romance,Romance,24,0.26
USR-01212,49.84,36.08,5.7,0.496,Animation,Animation|Action,23,0.68
USR-01213,36.56,42.2,9.6,0.782,Sci-Fi,Sci-Fi|Action,9,0.64
USR-01214,20.91,50.77,4.3,0.497,Thriller,Thriller|Sci-Fi|Action|Animation,29,0.41
USR-01215,40.81,60.23,3.8,0.591,Thriller,Thriller|Comedy|Documentary|Horror,26,0.56
USR-01216,40.53,31.73,7.4,0.733,Animation,Animation|Thriller,0,0.75
USR-01217,50.12,51.47,7.1,0.586,Reality,Reality|Animation|Comedy|Romance,3,0.38
USR-01218,3.86,37.73,1.0,0.361,Reality,Reality|Drama,14,0.67
USR-01219,96.91,86.02,11.6,0.858,Romance,Romance|Comedy|Animation,21,0.35
USR-01220,67.87,96.55,15.6,0.922,Romance,Romance|Drama|Action,21,0.43
USR-01221,106.53,69.59,8.8,0.824,Sci-Fi,Sci-Fi,2,0.4
USR-01222,75.88,184.95,5.4,0.76,Action,Action|Sci-Fi,26,0.68
USR-01223,16.38,20.59,3.0,0.328,Sci-Fi,Sci-Fi|Comedy,25,0.69
USR-01224,126.26,71.56,11.0,0.829,Documentary,Documentary|Horror|Romance,2,0.42
USR-01225,100.58,166.74,4.2,0.997,Thriller,Thriller|Drama,5,0.52
USR-01226,65.96,43.46,9.0,0.384,Horror,Horror|Documentary|Action|Sci-Fi,7,0.65
USR-01227,49.89,28.75,6.8,0.413,Romance,Romance|Horror|Drama,29,0.75
USR-01228,67.37,136.56,3.5,0.913,Sci-Fi,Sci-Fi|Drama,17,0.29
USR-01229,155.0,60.44,10.7,0.926,Romance,Romance|Horror,14,0.5
USR-01230,104.31,78.86,8.8,0.768,Reality,Reality|Drama|Sci-Fi,3,0.77
USR-01231,34.93,33.77,8.0,0.816,Horror,Horror|Reality|Sci-Fi,28,0.58
USR-01232,115.91,77.45,4.9,0.926,Drama,Drama|Sci-Fi,20,0.44
USR-01233,8.0,19.37,0.8,0.35,Documentary,Documentary,6,0.48
USR-01234,140.66,79.29,13.2,0.918,Romance,Romance,6,0.31
USR-01235,163.87,75.43,10.2,0.786,Action,Action,13,0.55
USR-01236,84.79,121.8,16.2,0.899,Romance,Romance,22,0.65
USR-01237,20.96,79.4,5.5,0.681,Reality,Reality|Action|Documentary,14,0.61
USR-01238,119.71,94.63,11.3,0.862,Thriller,Thriller|Romance,26,0.36
USR-01239,118.31,78.82,14.3,0.91,Documentary,Documentary|Animation,0,0.78
USR-01240,86.64,131.36,3.2,0.978,Action,Action|Drama,24,0.72
USR-01241,76.68,57.3,7.7,0.49,Thriller,Thriller|Comedy,28,0.49
USR-01242,46.91,38.1,5.5,0.402,Romance,Romance|Thriller|Action|Comedy,29,0.73
USR-01243,92.09,80.65,17.2,0.579,Animation,Animation|Comedy,6,0.3
USR-01244,49.97,35.81,5.1,0.492,Sci-Fi,Sci-Fi|Action,20,0.27
USR-01245,68.35,18.97,5.4,0.463,Documentary,Documentary|Romance,11,0.7
USR-01246,9.02,17.75,3.0,0.277,Sci-Fi,Sci-Fi|Reality,8,0.47
USR-01247,83.67,71.41,8.7,0.696,Reality,Reality,8,0.26
USR-01248,96.18,145.37,5.1,0.818,Action,Action|Drama,0,0.57
USR-01249,62.94,146.18,2.7,0.802,Comedy,Comedy|Action,15,0.78
USR-01250,101.22,100.04,7.9,0.888,Horror,Horror,2,0.44
USR-01251,121.67,112.5,11.0,0.532,Action,Action,26,0.61
USR-01252,117.66,101.89,14.3,0.789,Horror,Horror|Documentary|Thriller,8,0.77
USR-01253,12.2,24.13,2.3,0.501,Action,Action,6,0.33
USR-01254,169.62,46.62,16.7,0.766,Reality,Reality,2,0.36
USR-01255,90.31,143.52,4.7,0.828,Thriller,Thriller|Drama,22,0.34
USR-01256,6.1,1.0,1.4,0.37,Comedy,Comedy|Sci-Fi,4,0.46
USR-01257,3.15,4.27,2.0,0.387,Documentary,Documentary,23,0.73
USR-01258,32.18,49.2,6.4,0.445,Reality,Reality|Sci-Fi|Drama,10,0.5
USR-01259,61.85,188.31,4.8,0.949,Drama,Drama|Sci-Fi,10,0.51
USR-01260,79.36,110.15,12.4,0.885,Reality,Reality|Horror|Romance,18,0.48
USR-01261,36.64,58.58,6.8,0.792,Action,Action|Reality|Drama,5,0.33
USR-01262,48.06,36.69,5.9,0.568,Documentary,Documentary|Thriller|Action,8,0.55
USR-01263,79.71,175.74,4.7,0.951,Action,Action|Drama,11,0.24
USR-01264,47.54,50.72,8.0,0.699,Documentary,Documentary|Sci-Fi|Horror|Drama,12,0.8
USR-01265,7.73,24.12,1.6,0.262,Documentary,Documentary|Animation,26,0.3
USR-01266,115.27,74.96,9.0,0.624,Sci-Fi,Sci-Fi|Romance,3,0.58
USR-01267,67.29,172.07,4.4,0.845,Sci-Fi,Sci-Fi|Action,2,0.77
USR-01268,48.83,38.48,6.5,0.808,Sci-Fi,Sci-Fi|Comedy|Documentary,25,0.33
USR-01269,55.16,74.71,2.8,0.528,Documentary,Documentary|Animation|Romance|Horror,26,0.35
USR-01270,98.97,185.76,5.4,0.693,Comedy,Comedy|Sci-Fi,24,0.63
USR-01271,41.46,25.4,5.9,0.606,Sci-Fi,Sci-Fi|Reality|Thriller,6,0.55
USR-01272,65.56,20.38,9.3,0.263,Documentary,Documentary|Drama,8,0.28
USR-01273,41.76,35.64,5.9,0.605,Action,Action|Reality|Documentary|Thriller,11,0.33
USR-01274,95.43,96.34,9.4,0.816,Comedy,Comedy,16,0.29
USR-01275,39.72,47.28,6.6,0.888,Animation,Animation|Drama,9,0.44
USR-01276,113.67,48.89,13.7,0.921,Animation,Animation|Thriller|Sci-Fi,26,0.65
USR-01277,126.35,104.81,15.7,0.83,Sci-Fi,Sci-Fi|Thriller,14,0.29
USR-01278,79.82,162.55,5.4,0.807,Thriller,Thriller|Sci-Fi,24,0.22
USR-01279,62.37,9.52,6.8,0.778,Reality,Reality|Thriller,19,0.31
USR-01280,39.83,62.86,3.6,0.434,Comedy,Comedy|Animation|Reality|Sci-Fi,17,0.21
USR-01281,11.78,62.58,5.6,0.631,Animation,Animation|Comedy|Sci-Fi|Reality,7,0.78
USR-01282,66.38,50.63,4.6,0.616,Thriller,Thriller|Romance|Action,11,0.76
USR-01283,8.19,32.37,2.0,0.359,Comedy,Comedy|Action,29,0.45
USR-01284,91.09,108.36,5.9,0.684,Action,Action|Comedy,20,0.72
USR-01285,72.4,107.17,4.0,0.93,Thriller,Thriller|Comedy,27,0.8
USR-01286,52.55,42.82,5.4,0.694,Romance,Romance|Drama|Action|Sci-Fi,26,0.65
USR-01287,62.55,33.34,7.3,0.618,Action,Action|Thriller|Drama,14,0.52
USR-01288,56.22,42.52,5.1,0.813,Romance,Romance|Animation,13,0.43
USR-01289,50.07,44.15,8.4,0.587,Romance,Romance|Animation|Horror,13,0.71
USR-01290,54.47,74.36,4.9,0.673,Animation,Animation|Drama|Sci-Fi,10,0.4
USR-01291,13.1,12.15,0.9,0.353,Romance,Romance|Horror,1,0.63
USR-01292,45.35,53.09,8.9,0.348,Animation,Animation|Action|Horror|Documentary,10,0.59
USR-01293,68.24,25.36,9.0,0.363,Romance,Romance|Action,21,0.66
USR-01294,52.82,41.93,7.7,0.701,Documentary,Documentary|Drama|Horror,1,0.76
USR-01295,25.7,48.73,9.4,0.451,Reality,Reality|Horror|Sci-Fi,12,0.25
USR-01296,101.29,118.63,15.9,0.943,Animation,Animation|Comedy|Drama,17,0.74
USR-01297,126.56,69.65,7.1,0.729,Reality,Reality|Romance|Animation,2,0.49
USR-01298,13.85,18.25,2.7,0.321,Animation,Animation|Horror,10,0.79
USR-01299,40.73,52.88,6.4,0.583,Animation,Animation|Reality|Comedy|Sci-Fi,28,0.26
USR-01300,156.54,88.23,9.3,0.742,Action,Action|Drama,8,0.28
USR-01301,32.36,26.13,4.7,0.644,Drama,Drama|Sci-Fi|Thriller,28,0.58
USR-01302,11.13,18.17,2.5,0.572,Animation,Animation,9,0.64
USR-01303,25.51,57.09,4.5,0.342,Drama,Drama|Thriller,19,0.5
USR-01304,1.93,4.36,1.4,0.208,Drama,Drama,21,0.59
USR-01305,80.19,111.19,3.0,0.949,Comedy,Comedy|Drama,12,0.54
USR-01306,28.96,35.62,3.8,0.591,Comedy,Comedy|Reality|Thriller|Drama,17,0.57
USR-01307,16.42,36.55,2.8,0.242,Comedy,Comedy|Reality,2,0.47
USR-01308,96.8,89.41,7.7,0.933,Drama,Drama|Horror|Comedy,2,0.36
USR-01309,73.29,173.73,3.4,0.975,Sci-Fi,Sci-Fi|Comedy,3,0.56
USR-01310,37.96,64.52,3.9,0.829,Romance,Romance|Reality|Animation|Comedy,26,0.67
USR-01311,106.76,164.24,5.0,0.84,Action,Action|Thriller,1,0.33
USR-01312,45.8,55.76,7.7,0.592,Drama,Drama|Documentary|Romance,29,0.68
USR-01313,180.42,90.34,10.1,0.659,Romance,Romance|Horror,8,0.51
USR-01314,87.27,72.53,7.9,0.765,Reality,Reality,13,0.4
USR-01315,11.51,17.81,2.9,0.09,Animation,Animation|Thriller,13,0.66
USR-01316,55.5,44.46,4.5,0.653,Animation,Animation|Comedy|Thriller|Drama,0,0.22
USR-01317,111.23,65.38,17.8,0.805,Drama,Drama,19,0.32
USR-01318,11.32,13.24,4.0,0.312,Drama,Drama,19,0.37
USR-01319,79.97,108.69,3.7,0.989,Action,Action|Drama,2,0.44
USR-01320,62.91,18.93,4.6,0.483,Drama,Drama|Horror|Romance|Documentary,19,0.52
USR-01321,52.83,31.22,5.3,0.824,Romance,Romance|Drama|Comedy|Documentary,0,0.31
USR-01322,92.55,107.54,11.7,0.88,Animation,Animation|Horror,20,0.45
USR-01323,17.73,32.12,4.0,0.404,Reality,Reality,5,0.8
USR-01324,67.89,26.26,6.9,0.362,Thriller,Thriller|Action|Animation,17,0.7
USR-01325,81.39,145.42,3.7,0.929,Drama,Drama|Comedy,26,0.25
USR-01326,32.08,1.0,4.3,0.562,Sci-Fi,Sci-Fi|Documentary,2,0.75
USR-01327,29.72,51.59,8.0,0.511,Horror,Horror|Thriller|Action,10,0.56
USR-01328,31.17,30.37,7.0,0.831,Documentary,Documentary|Sci-Fi,17,0.54
USR-01329,118.22,54.69,9.3,0.701,Sci-Fi,Sci-Fi|Documentary|Comedy,11,0.58
USR-01330,10.01,1.86,2.0,0.064,Animation,Animation,19,0.46
USR-01331,46.0,53.45,6.9,0.81,Animation,Animation|Thriller|Drama|Reality,11,0.28
USR-01332,26.7,66.58,7.5,0.901,Reality,Reality|Animation|Horror|Action,26,0.72
USR-01333,78.22,155.54,4.8,0.86,Action,Action|Sci-Fi,5,0.62
USR-01334,107.78,186.77,4.5,0.949,Sci-Fi,Sci-Fi|Comedy,24,0.25
USR-01335,82.41,112.71,3.5,0.921,Thriller,Thriller|Action,24,0.71
USR-01336,55.77,146.01,12.6,0.85,Documentary,Documentary|Romance|Horror,11,0.68
USR-01337,39.44,30.59,9.9,0.549,Thriller,Thriller|Sci-Fi|Comedy|Animation,8,0.59
USR-01338,65.96,169.3,3.9,0.831,Action,Action|Comedy,21,0.46
USR-01339,55.37,44.99,5.9,0.508,Sci-Fi,Sci-Fi|Thriller|Romance|Documentary,12,0.8
USR-01340,115.97,74.55,9.3,0.954,Drama,Drama,4,0.5
USR-01341,6.65,18.27,1.8,0.286,Horror,Horror|Animation,28,0.27
USR-01342,40.92,44.92,1.0,0.491,Romance,Romance|Thriller,1,0.46
USR-01343,37.98,28.16,7.2,0.722,Documentary,Documentary|Reality|Sci-Fi,6,0.51
USR-01344,74.84,202.93,2.9,0.957,Thriller,Thriller|Drama,29,0.5
USR-01345,11.66,15.06,2.9,0.192,Drama,Drama,24,0.3
USR-01346,52.04,40.12,3.9,0.248,Documentary,Documentary|Sci-Fi,0,0.42
USR-01347,41.47,66.81,7.4,0.793,Reality,Reality|Comedy,12,0.55
USR-01348,49.25,25.46,6.8,0.676,Documentary,Documentary|Comedy,0,0.66
USR-01349,146.94,85.93,12.2,0.756,Reality,Reality|Sci-Fi,20,0.46
USR-01350,10.36,43.53,2.8,0.391,Thriller,Thriller|Comedy,6,0.21
USR-01351,10.1,10.97,2.9,0.35,Thriller,Thriller,27,0.49
USR-01352,44.8,36.97,5.2,0.703,Animation,Animation|Reality|Action|Thriller,9,0.64
USR-01353,27.02,39.37,4.6,0.39,Documentary,Documentary|Reality|Thriller|Comedy,4,0.24
USR-01354,64.08,152.92,5.1,0.962,Thriller,Thriller|Drama,23,0.33
USR-01355,79.65,86.64,11.7,0.93,Animation,Animation|Action|Romance,26,0.78
USR-01356,60.21,16.91,8.6,0.897,Sci-Fi,Sci-Fi|Documentary,19,0.27
USR-01357,45.52,60.94,6.4,0.32,Action,Action|Documentary|Romance|Comedy,28,0.33
USR-01358,13.81,1.0,2.4,0.256,Comedy,Comedy,18,0.55
USR-01359,133.86,41.74,10.3,0.73,Comedy,Comedy|Thriller|Documentary,25,0.24
USR-01360,5.97,13.59,2.3,0.345,Animation,Animation,12,0.73
USR-01361,38.38,73.46,1.3,0.426,Animation,Animation|Comedy|Sci-Fi,10,0.34
USR-01362,2.05,6.33,0.6,0.449,Drama,Drama,22,0.41
USR-01363,135.4,86.28,8.4,0.826,Action,Action|Romance,17,0.62
USR-01364,50.32,52.67,8.1,0.827,Reality,Reality|Animation|Comedy|Romance,24,0.79
USR-01365,39.72,32.3,11.0,0.539,Comedy,Comedy|Reality|Horror,11,0.4
USR-01366,150.62,101.76,15.7,0.765,Romance,Romance|Horror,3,0.78
USR-01367,106.69,82.48,7.6,0.738,Comedy,Comedy|Reality|Animation,22,0.57
USR-01368,106.27,98.57,8.1,0.781,Horror,Horror|Documentary|Comedy,3,0.21
USR-01369,42.14,39.63,5.4,0.588,Thriller,Thriller|Drama|Romance,23,0.42
USR-01370,194.95,79.75,10.9,0.594,Animation,Animation|Reality,8,0.67
USR-01371,100.0,216.56,5.5,0.995,Sci-Fi,Sci-Fi|Thriller,13,0.25
USR-01372,62.22,63.77,5.6,0.877,Sci-Fi,Sci-Fi|Horror,7,0.75
USR-01373,15.11,1.0,2.2,0.203,Thriller,Thriller|Animation,8,0.57
USR-01374,50.9,129.28,4.9,0.947,Comedy,Comedy|Action,23,0.55
USR-01375,105.68,37.77,10.0,0.844,Sci-Fi,Sci-Fi|Thriller|Action,27,0.42
USR-01376,7.87,9.54,3.3,0.372,Animation,Animation|Sci-Fi,16,0.27
USR-01377,88.25,138.76,3.8,0.99,Action,Action|Thriller,11,0.29
USR-01378,12.47,15.87,1.2,0.325,Sci-Fi,Sci-Fi|Comedy,3,0.43
USR-01379,28.64,40.78,9.1,0.327,Thriller,Thriller|Romance|Horror,2,0.55
USR-01380,24.17,53.73,6.5,0.597,Documentary,Documentary|Sci-Fi|Comedy|Thriller,5,0.48
USR-01381,183.46,94.36,11.8,0.909,Action,Action|Drama,20,0.46
USR-01382,50.19,67.88,4.8,0.587,Reality,Reality|Romance,18,0.22
USR-01383,106.91,171.98,3.9,0.924,Sci-Fi,Sci-Fi|Comedy,0,0.65
USR-01384,32.95,155.89,4.7,0.805,Action,Action|Sci-Fi,17,0.46
USR-01385,141.09,113.37,9.8,0.929,Reality,Reality|Animation,18,0.23
USR-01386,8.8,11.34,1.1,0.125,Documentary,Documentary|Action,14,0.74
USR-01387,40.63,34.88,5.1,0.602,Drama,Drama|Horror,19,0.36
USR-01388,69.9,151.4,5.1,0.725,Action,Action|Comedy,10,0.72
USR-01389,116.23,82.12,10.3,0.785,Horror,Horror|Action,11,0.67
USR-01390,93.25,173.91,4.0,0.98,Drama,Drama|Thriller,15,0.69
USR-01391,7.16,21.35,0.9,0.313,Comedy,Comedy,17,0.24
USR-01392,114.07,70.25,13.7,0.781,Comedy,Comedy|Documentary|Action,0,0.33
USR-01393,146.89,142.67,12.3,0.903,Action,Action|Animation,23,0.29
USR-01394,14.75,31.11,1.0,0.537,Reality,Reality,26,0.28
USR-01395,123.23,94.54,7.7,0.679,Animation,Animation|Sci-Fi,21,0.48
USR-01396,72.95,53.67,5.4,0.591,Comedy,Comedy|Drama|Action,16,0.69
USR-01397,105.33,215.09,5.9,0.992,Sci-Fi,Sci-Fi|Comedy,23,0.26
USR-01398,14.46,40.56,7.6,0.449,Animation,Animation|Thriller|Action|Sci-Fi,6,0.79
USR-01399,30.41,63.5,5.4,0.552,Romance,Romance|Reality|Horror,12,0.29
USR-01400,50.86,72.86,7.0,0.581,Reality,Reality|Thriller|Horror,21,0.43
USR-01401,128.15,85.44,11.4,0.801,Reality,Reality,19,0.22
USR-01402,66.62,177.99,4.7,0.925,Comedy,Comedy|Action,6,0.48
USR-01403,30.83,60.13,4.6,0.607,Action,Action|Animation,28,0.65
USR-01404,85.69,102.87,14.5,0.598,Drama,Drama|Reality,22,0.58
USR-01405,36.02,34.47,5.5,0.606,Romance,Romance|Reality|Animation,19,0.41
USR-01406,41.53,145.15,4.3,0.997,Sci-Fi,Sci-Fi|Action,7,0.55
USR-01407,166.95,100.25,9.7,0.795,Drama,Drama,20,0.64
USR-01408,54.73,134.79,3.9,0.663,Action,Action|Sci-Fi,3,0.21
USR-01409,10.56,24.19,2.7,0.109,Sci-Fi,Sci-Fi,27,0.44
USR-01410,15.34,37.29,2.3,0.429,Comedy,Comedy,8,0.21
USR-01411,61.25,112.1,5.6,0.917,Drama,Drama|Thriller,28,0.67
USR-01412,4.13,16.41,1.4,0.139,Drama,Drama,8,0.51
USR-01413,89.91,176.15,4.5,0.923,Action,Action|Thriller,9,0.51
USR-01414,77.61,114.21,9.9,0.587,Animation,Animation|Sci-Fi|Romance,25,0.55
USR-01415,7.87,31.39,1.0,0.186,Drama,Drama,1,0.78
USR-01416,54.92,31.53,6.8,0.719,Romance,Romance|Comedy|Sci-Fi|Horror,5,0.3
USR-01417,24.96,67.31,6.9,0.369,Drama,Drama|Animation|Romance|Reality,15,0.24
USR-01418,92.45,178.51,5.1,0.975,Thriller,Thriller|Sci-Fi,2,0.58
USR-01419,54.21,224.47,4.1,0.879,Action,Action|Comedy,23,0.58
USR-01420,12.31,30.72,0.9,0.185,Drama,Drama|Documentary,14,0.41
USR-01421,44.67,20.7,4.1,0.898,Reality,Reality|Horror|Thriller|Documentary,2,0.53
USR-01422,38.05,59.85,6.7,0.738,Comedy,Comedy|Horror|Romance|Drama,17,0.35
USR-01423,48.11,50.56,5.8,0.405,Horror,Horror|Documentary|Comedy,2,0.72
USR-01424,22.37,51.25,4.2,0.809,Action,Action|Horror|Reality|Comedy,22,0.39
USR-01425,60.5,42.21,1.3,0.523,Drama,Drama|Comedy|Thriller|Romance,25,0.65
USR-01426,113.58,111.82,7.8,0.825,Romance,Romance,12,0.59
USR-01427,155.0,108.57,13.8,0.614,Drama,Drama,26,0.8
USR-01428,1.97,29.88,1.2,0.398,Reality,Reality|Documentary,7,0.55
USR-01429,68.77,55.04,5.8,0.708,Sci-Fi,Sci-Fi|Reality,19,0.27
USR-01430,65.23,132.0,5.3,0.973,Sci-Fi,Sci-Fi|Drama,29,0.2
USR-01431,7.27,29.63,0.9,0.365,Drama,Drama|Documentary,2,0.21
USR-01432,151.64,101.2,13.4,0.867,Action,Action,15,0.47
USR-01433,122.8,97.52,7.8,0.942,Drama,Drama|Romance|Reality,0,0.73
USR-01434,143.37,112.65,11.8,0.98,Documentary,Documentary|Horror,25,0.5
USR-01435,96.87,151.35,4.0,0.906,Action,Action|Comedy,24,0.75
USR-01436,119.38,90.17,11.2,0.681,Action,Action,26,0.59
USR-01437,36.17,47.19,6.0,0.615,Animation,Animation|Romance,29,0.55
USR-01438,88.45,228.18,4.0,0.991,Thriller,Thriller|Action,23,0.23
USR-01439,89.04,142.96,3.2,0.912,Thriller,Thriller|Sci-Fi,14,0.45
USR-01440,142.3,101.06,13.8,0.844,Comedy,Comedy|Horror|Animation,0,0.64
USR-01441,136.54,61.83,15.9,0.774,Comedy,Comedy,17,0.74
USR-01442,119.09,113.72,9.2,0.912,Comedy,Comedy|Action|Drama,5,0.4
USR-01443,76.79,77.31,16.0,0.76,Action,Action,13,0.27
USR-01444,112.6,74.67,13.4,0.749,Animation,Animation|Action,2,0.21
USR-01445,69.2,50.54,5.4,0.588,Sci-Fi,Sci-Fi|Horror|Animation,12,0.29
USR-01446,79.57,170.83,5.9,0.951,Sci-Fi,Sci-Fi|Comedy,10,0.37
USR-01447,61.63,62.85,7.4,0.739,Animation,Animation|Reality,15,0.6
USR-01448,0.32,22.97,2.0,0.211,Sci-Fi,Sci-Fi|Drama,10,0.67
USR-01449,135.99,80.71,9.6,0.852,Documentary,Documentary|Action|Romance,15,0.44
USR-01450,18.2,16.52,0.5,0.104,Animation,Animation|Documentary,22,0.64
USR-01451,14.7,14.99,2.3,0.391,Drama,Drama,1,0.47
USR-01452,64.27,106.87,5.1,0.877,Sci-Fi,Sci-Fi|Action,6,0.25
USR-01453,66.42,127.12,5.2,0.951,Thriller,Thriller|Sci-Fi,15,0.42
USR-01454,51.06,39.2,8.3,0.697,Animation,Animation|Horror,12,0.42
USR-01455,150.07,88.17,9.2,0.895,Reality,Reality|Documentary|Drama,25,0.31
USR-01456,97.13,78.59,9.9,0.754,Thriller,Thriller|Animation|Drama,12,0.27
USR-01457,55.78,44.06,6.5,0.721,Horror,Horror|Documentary,1,0.42
USR-01458,83.41,169.96,5.1,0.827,Comedy,Comedy|Thriller,0,0.71
USR-01459,42.32,77.95,5.0,0.694,Thriller,Thriller|Drama|Romance,25,0.24
USR-01460,15.85,23.52,3.2,0.324,Thriller,Thriller,25,0.77
USR-01461,40.92,31.31,5.1,0.657,Documentary,Documentary|Sci-Fi,25,0.28
USR-01462,105.04,71.05,11.0,0.938,Romance,Romance,1,0.35
USR-01463,49.92,56.99,1.9,0.506,Documentary,Documentary|Action|Animation|Sci-Fi,28,0.67
USR-01464,7.96,14.07,1.1,0.381,Drama,Drama,10,0.72
USR-01465,20.67,23.47,2.0,0.198,Thriller,Thriller|Animation,12,0.68
USR-01466,51.43,40.3,3.7,0.934,Action,Action|Comedy|Thriller,22,0.32
USR-01467,127.23,62.49,5.9,0.927,Romance,Romance|Thriller,17,0.49
USR-01468,11.09,17.71,4.7,0.132,Documentary,Documentary,5,0.45
USR-01469,108.99,84.42,8.8,0.806,Comedy,Comedy|Action|Drama,16,0.49
USR-01470,92.83,192.44,4.4,0.886,Sci-Fi,Sci-Fi|Thriller,6,0.21
USR-01471,88.61,85.92,9.9,0.94,Thriller,Thriller|Comedy|Reality,8,0.6
USR-01472,188.69,71.13,7.8,0.903,Thriller,Thriller|Documentary,8,0.62
USR-01473,7.77,32.33,9.6,0.877,Drama,Drama|Reality|Thriller,4,0.61
USR-01474,61.99,42.03,4.6,0.717,Action,Action|Romance,27,0.64
USR-01475,50.15,49.36,8.8,0.424,Romance,Romance|Thriller|Sci-Fi,29,0.22
USR-01476,45.87,45.6,7.1,0.833,Documentary,Documentary|Reality,8,0.53
USR-01477,88.08,174.72,3.6,0.998,Comedy,Comedy|Action,9,0.24
USR-01478,35.9,56.21,6.2,0.883,Thriller,Thriller|Drama|Romance,5,0.72
USR-01479,30.49,62.47,5.7,0.687,Action,Action|Animation,22,0.55
USR-01480,49.31,53.23,1.9,0.773,Horror,Horror|Romance|Documentary|Sci-Fi,18,0.55
USR-01481,174.67,145.94,13.4,0.488,Drama,Drama|Thriller|Horror,26,0.34
USR-01482,30.74,44.91,5.3,0.424,Documentary,Documentary|Reality,16,0.47
USR-01483,90.32,128.56,15.3,0.775,Romance,Romance,10,0.75
USR-01484,15.47,6.59,2.4,0.018,Drama,Drama|Romance,4,0.58
USR-01485,62.86,56.34,12.3,0.715,Documentary,Documentary|Romance|Horror,5,0.61
USR-01486,77.0,144.17,3.7,0.982,Action,Action|Comedy,2,0.76
USR-01487,38.24,77.59,5.1,0.596,Sci-Fi,Sci-Fi|Reality,16,0.71
USR-01488,80.48,151.77,3.6,0.986,Comedy,Comedy|Sci-Fi,29,0.29
USR-01489,39.81,39.52,8.5,0.534,Horror,Horror|Documentary|Reality|Thriller,22,0.64
USR-01490,121.33,55.93,13.9,0.867,Thriller,Thriller,1,0.76
USR-01491,14.83,3.97,1.0,0.313,Horror,Horror,22,0.45
USR-01492,6.6,8.06,3.4,0.634,Thriller,Thriller|Romance,27,0.28
USR-01493,9.43,44.13,1.5,0.451,Romance,Romance|Animation,28,0.65
USR-01494,29.06,56.34,8.0,0.857,Documentary,Documentary|Drama|Sci-Fi,11,0.74
USR-01495,13.29,18.94,2.4,0.287,Drama,Drama,18,0.36
USR-01496,79.63,134.33,4.2,0.975,Comedy,Comedy|Action,29,0.53
USR-01497,8.55,20.8,1.8,0.154,Animation,Animation|Horror,25,0.6
USR-01498,53.62,46.5,7.7,0.826,Drama,Drama|Sci-Fi,23,0.79
USR-01499,19.24,1.0,2.2,0.239,Horror,Horror,7,0.47
USR-01500,8.24,14.48,3.2,0.167,Comedy,Comedy|Animation,24,0.32
USR-01501,71.91,210.6,4.3,0.976,Action,Action|Thriller,8,0.78
USR-01502,82.29,40.95,7.6,0.63,Sci-Fi,Sci-Fi|Animation|Action,19,0.36
USR-01503,42.13,58.59,7.4,0.721,Romance,Romance|Comedy|Reality,0,0.27
USR-01504,13.29,28.96,2.9,0.541,Animation,Animation|Horror,5,0.64
USR-01505,54.93,42.28,4.0,0.6,Thriller,Thriller|Reality|Sci-Fi|Action,13,0.49
USR-01506,14.09,25.59,2.2,0.191,Animation,Animation,13,0.42
USR-01507,45.92,44.16,4.0,0.613,Sci-Fi,Sci-Fi|Action|Drama,12,0.43
USR-01508,107.65,80.99,12.2,0.714,Sci-Fi,Sci-Fi|Animation|Documentary,10,0.61
USR-01509,16.09,33.99,1.2,0.212,Romance,Romance|Reality,9,0.51
USR-01510,187.92,89.11,12.3,0.81,Comedy,Comedy|Documentary,6,0.41
USR-01511,158.96,96.71,13.1,0.911,Reality,Reality,14,0.77
USR-01512,15.25,12.9,2.4,0.084,Reality,Reality|Romance,19,0.4
USR-01513,20.01,12.23,1.4,0.417,Drama,Drama,22,0.79
USR-01514,83.79,132.45,4.1,0.923,Thriller,Thriller|Action,22,0.65
USR-01515,59.38,51.92,6.1,0.875,Comedy,Comedy|Horror,28,0.5
USR-01516,134.61,92.84,11.1,0.859,Reality,Reality,27,0.26
USR-01517,58.25,153.4,3.7,0.994,Thriller,Thriller|Sci-Fi,3,0.69
USR-01518,139.46,82.38,13.6,0.921,Comedy,Comedy|Action,1,0.66
USR-01519,110.23,55.06,12.2,0.641,Animation,Animation,23,0.29
USR-01520,48.66,16.48,7.2,0.678,Action,Action|Drama|Thriller|Reality,14,0.62
USR-01521,49.28,42.08,3.8,0.761,Reality,Reality|Sci-Fi|Romance,23,0.62
USR-01522,66.33,167.04,4.5,0.917,Comedy,Comedy|Drama,26,0.38
USR-01523,0.1,14.54,3.1,0.371,Sci-Fi,Sci-Fi,7,0.63
USR-01524,10.14,13.29,2.6,0.277,Sci-Fi,Sci-Fi,11,0.34
USR-01525,111.3,83.86,16.3,0.968,Documentary,Documentary|Animation,24,0.48
USR-01526,21.43,27.58,6.5,0.891,Comedy,Comedy|Action|Sci-Fi|Reality,8,0.4
USR-01527,54.5,67.93,8.5,0.632,Comedy,Comedy|Documentary|Animation|Action,23,0.37
USR-01528,135.18,127.2,8.0,0.802,Horror,Horror,10,0.2
USR-01529,46.35,36.61,8.6,0.624,Reality,Reality|Documentary,2,0.25
USR-01530,38.64,68.18,2.1,0.468,Reality,Reality|Animation,14,0.42
USR-01531,84.0,67.19,13.2,0.736,Reality,Reality|Drama,1,0.67
USR-01532,55.15,32.52,7.8,0.875,Thriller,Thriller|Comedy|Drama,18,0.23
USR-01533,6.79,17.6,2.0,0.465,Romance,Romance,7,0.78
USR-01534,146.7,86.9,10.7,0.881,Romance,Romance,4,0.25
USR-01535,52.32,29.1,3.8,0.74,Reality,Reality|Romance|Action,0,0.75
USR-01536,14.34,26.17,3.7,0.169,Thriller,Thriller,12,0.26
USR-01537,9.13,39.84,4.1,0.44,Romance,Romance,18,0.21
USR-01538,11.47,20.0,2.1,0.555,Action,Action|Comedy,20,0.43
USR-01539,39.42,61.65,5.7,0.752,Documentary,Documentary|Thriller,16,0.72
USR-01540,3.24,4.81,1.5,0.567,Animation,Animation|Drama,16,0.7
USR-01541,150.38,69.0,14.3,0.86,Documentary,Documentary|Romance,24,0.76
USR-01542,68.69,34.97,4.9,0.599,Horror,Horror|Sci-Fi|Thriller|Action,8,0.25
USR-01543,78.05,84.41,8.2,0.81,Comedy,Comedy|Horror,0,0.63
USR-01544,1.86,43.85,3.8,0.596,Romance,Romance|Horror|Action,16,0.29
USR-01545,49.61,43.32,5.7,0.512,Reality,Reality|Animation|Documentary,9,0.68
USR-01546,63.03,51.14,9.5,0.774,Reality,Reality|Romance,17,0.51
USR-01547,15.73,3.51,1.9,0.499,Romance,Romance|Comedy,20,0.75
USR-01548,44.09,55.12,5.6,0.658,Reality,Reality|Action,27,0.25
USR-01549,79.93,55.54,5.1,0.607,Documentary,Documentary|Drama|Horror|Romance,1,0.58
USR-01550,120.19,103.96,13.9,0.759,Romance,Romance|Animation|Action,25,0.58
USR-01551,67.49,31.24,5.9,0.35,Documentary,Documentary|Animation,29,0.36
USR-01552,56.0,32.36,6.2,0.718,Documentary,Documentary|Comedy|Sci-Fi,2,0.75
USR-01553,55.65,69.01,5.4,0.487,Romance,Romance|Action,18,0.2
USR-01554,100.56,72.45,11.1,0.501,Drama,Drama,9,0.29
USR-01555,5.61,27.22,1.9,0.092,Horror,Horror|Documentary,3,0.76
USR-01556,67.98,172.78,3.7,0.914,Drama,Drama|Thriller,9,0.52
USR-01557,48.44,56.93,3.7,0.651,Animation,Animation|Reality|Thriller,5,0.68
USR-01558,3.52,26.71,0.6,0.368,Animation,Animation,1,0.8
USR-01559,72.27,134.84,4.7,0.983,Action,Action|Comedy,24,0.29
USR-01560,72.96,165.02,4.7,0.923,Thriller,Thriller|Comedy,21,0.24
USR-01561,2.47,16.6,1.4,0.611,Action,Action|Documentary,8,0.72
USR-01562,99.77,158.13,4.9,0.834,Drama,Drama|Sci-Fi,0,0.58
USR-01563,70.84,134.52,4.2,0.998,Action,Action|Comedy,27,0.34
USR-01564,5.38,6.34,2.0,0.229,Documentary,Documentary|Sci-Fi,17,0.37
USR-01565,40.47,14.43,5.1,0.457,Sci-Fi,Sci-Fi|Romance|Action|Thriller,6,0.73
USR-01566,112.59,126.93,13.7,0.639,Documentary,Documentary|Sci-Fi,5,0.3
USR-01567,146.52,99.03,13.7,0.917,Reality,Reality,6,0.49
USR-01568,37.45,43.53,4.9,0.781,Comedy,Comedy|Romance|Drama,11,0.66
USR-01569,47.27,60.33,4.4,0.63,Drama,Drama|Comedy,10,0.4
USR-01570,66.03,35.78,5.3,0.312,Reality,Reality|Animation|Comedy,16,0.64
USR-01571,54.82,58.28,4.9,0.561,Sci-Fi,Sci-Fi|Reality,12,0.34
USR-01572,30.44,36.37,4.8,0.651,Reality,Reality|Sci-Fi|Documentary,21,0.38
USR-01573,12.8,33.27,2.0,0.067,Horror,Horror,18,0.8
USR-01574,123.46,55.05,13.3,0.949,Comedy,Comedy|Action,28,0.45
USR-01575,128.9,97.62,12.4,0.789,Reality,Reality|Comedy,2,0.54
USR-01576,5.95,1.0,1.2,0.082,Animation,Animation,2,0.32
USR-01577,13.58,30.86,1.6,0.119,Animation,Animation|Documentary,15,0.32
USR-01578,49.33,116.34,3.8,0.968,Thriller,Thriller|Comedy,12,0.27
USR-01579,68.49,169.67,4.9,0.98,Action,Action|Drama,13,0.59
USR-01580,100.4,171.26,2.0,0.968,Sci-Fi,Sci-Fi|Comedy,21,0.28
USR-01581,57.81,67.27,6.4,0.559,Sci-Fi,Sci-Fi|Action|Horror,21,0.52
USR-01582,25.73,54.29,7.5,0.25,Romance,Romance|Sci-Fi|Animation|Thriller,17,0.3
USR-01583,31.25,49.82,4.4,0.741,Reality,Reality|Animation|Horror,10,0.35
USR-01584,8.2,33.38,1.8,0.07,Documentary,Documentary|Drama,2,0.41
USR-01585,35.3,124.41,4.2,0.852,Comedy,Comedy|Action,13,0.76
USR-01586,25.52,49.54,7.8,0.679,Drama,Drama|Romance,6,0.55
USR-01587,30.74,44.31,6.5,0.94,Horror,Horror|Comedy|Thriller|Reality,9,0.54
USR-01588,47.42,54.77,3.6,0.794,Thriller,Thriller|Reality,21,0.61
USR-01589,101.37,71.24,12.5,0.681,Action,Action,23,0.31
USR-01590,71.87,78.06,11.8,0.746,Sci-Fi,Sci-Fi|Action|Drama,6,0.32
USR-01591,114.14,81.31,13.8,0.892,Comedy,Comedy|Animation,14,0.24
USR-01592,59.75,147.18,4.2,0.633,Thriller,Thriller|Sci-Fi,12,0.73
USR-01593,66.99,26.08,6.5,0.891,Drama,Drama|Documentary|Action|Romance,25,0.21
USR-01594,7.01,26.71,2.5,0.603,Documentary,Documentary|Romance,9,0.31
USR-01595,18.47,33.56,0.6,0.243,Animation,Animation|Action,9,0.7
USR-01596,132.01,88.49,10.0,0.836,Sci-Fi,Sci-Fi,3,0.55
USR-01597,126.85,78.35,10.5,0.8,Action,Action|Documentary,6,0.54
USR-01598,14.48,18.34,3.0,0.199,Action,Action,9,0.4
USR-01599,35.57,30.2,7.5,0.756,Sci-Fi,Sci-Fi|Animation,24,0.51
USR-01600,64.24,129.42,3.3,0.997,Sci-Fi,Sci-Fi|Thriller,14,0.24
USR-01601,162.55,74.86,7.7,0.697,Sci-Fi,Sci-Fi|Comedy|Documentary,8,0.46
USR-01602,17.15,29.1,1.4,0.173,Sci-Fi,Sci-Fi,26,0.36
USR-01603,8.97,10.75,0.5,0.125,Animation,Animation,15,0.7
USR-01604,134.41,45.25,18.3,0.89,Reality,Reality|Romance,7,0.38
USR-01605,27.62,57.33,8.4,0.773,Romance,Romance|Comedy|Reality|Documentary,12,0.7
USR-01606,103.86,143.77,5.7,0.79,Comedy,Comedy|Action,20,0.62
USR-01607,53.0,47.15,4.8,0.61,Drama,Drama|Horror|Comedy|Action,19,0.58
USR-01608,71.75,40.64,7.5,0.776,Comedy,Comedy|Horror,8,0.26
USR-01609,27.7,62.19,6.8,0.519,Reality,Reality|Romance,20,0.74
USR-01610,66.2,65.71,6.4,0.422,Comedy,Comedy|Action,14,0.73
USR-01611,9.36,26.83,1.5,0.303,Thriller,Thriller|Drama,15,0.49
USR-01612,10.32,34.95,0.5,0.507,Comedy,Comedy|Romance,11,0.67
USR-01613,44.26,53.34,6.8,0.902,Horror,Horror|Romance|Reality,9,0.34
USR-01614,13.11,31.83,0.8,0.495,Documentary,Documentary,22,0.26
USR-01615,166.25,87.63,9.0,0.769,Reality,Reality|Comedy,22,0.63
USR-01616,88.8,78.07,13.5,0.865,Horror,Horror|Animation,3,0.46
USR-01617,45.88,60.12,6.7,0.808,Horror,Horror|Comedy|Documentary,25,0.59
USR-01618,89.56,186.98,3.3,0.762,Sci-Fi,Sci-Fi|Comedy,13,0.25
USR-01619,181.69,77.75,14.6,0.845,Drama,Drama,17,0.47
USR-01620,174.4,90.59,10.0,0.801,Animation,Animation|Drama|Comedy,24,0.56
USR-01621,48.22,41.02,5.6,0.626,Thriller,Thriller|Reality|Animation|Documentary,27,0.79
USR-01622,16.68,28.44,2.8,0.16,Horror,Horror,15,0.46
USR-01623,145.13,88.45,10.3,0.947,Documentary,Documentary|Sci-Fi,11,0.78
USR-01624,43.89,52.44,6.0,0.847,Documentary,Documentary|Horror,12,0.76
USR-01625,2.73,41.32,2.2,0.533,Sci-Fi,Sci-Fi|Comedy,23,0.23
USR-01626,56.48,59.82,9.6,0.61,Thriller,Thriller|Action,20,0.67
USR-01627,138.17,109.62,15.6,0.96,Drama,Drama,7,0.74
USR-01628,120.96,88.86,6.2,0.864,Thriller,Thriller|Action|Reality,18,0.67
USR-01629,37.84,63.7,6.9,0.501,Sci-Fi,Sci-Fi|Romance|Documentary,9,0.38
USR-01630,46.28,12.73,7.6,0.648,Thriller,Thriller|Horror,20,0.76
USR-01631,73.87,162.36,3.4,0.983,Comedy,Comedy|Action,18,0.68
USR-01632,10.45,20.61,2.4,0.275,Thriller,Thriller|Animation,24,0.75
USR-01633,12.28,34.73,1.7,0.366,Thriller,Thriller,3,0.56
USR-01634,86.38,159.93,4.2,0.967,Drama,Drama|Thriller,27,0.29
USR-01635,33.24,48.6,5.9,0.557,Reality,Reality|Drama,24,0.23
USR-01636,35.4,31.45,4.8,0.656,Action,Action|Comedy,24,0.47
USR-01637,100.06,197.09,1.9,0.952,Action,Action|Thriller,13,0.67
USR-01638,98.42,110.02,14.5,0.891,Horror,Horror|Sci-Fi,23,0.25
USR-01639,2.35,5.55,1.1,0.545,Reality,Reality,23,0.68
USR-01640,11.75,23.0,1.2,0.622,Documentary,Documentary,26,0.75
USR-01641,84.46,106.25,18.5,0.847,Animation,Animation|Romance|Drama,25,0.45
USR-01642,24.56,25.03,6.0,0.712,Drama,Drama|Romance|Documentary,0,0.49
USR-01643,155.46,80.89,10.0,0.728,Horror,Horror|Drama,2,0.76
USR-01644,82.15,81.15,13.2,0.827,Documentary,Documentary|Drama|Romance,5,0.73
USR-01645,29.88,40.54,3.5,0.789,Comedy,Comedy|Drama|Animation,13,0.74
USR-01646,33.44,50.79,4.6,0.8,Documentary,Documentary|Comedy,29,0.3
USR-01647,6.3,41.35,4.0,0.135,Drama,Drama,6,0.58
USR-01648,88.63,143.13,2.9,0.947,Sci-Fi,Sci-Fi|Comedy,10,0.28
USR-01649,4.44,29.19,1.3,0.246,Animation,Animation|Documentary,25,0.47
USR-01650,59.91,52.87,0.5,0.454,Action,Action|Animation|Documentary|Romance,17,0.31
USR-01651,52.6,38.1,8.8,0.673,Sci-Fi,Sci-Fi|Drama,7,0.63
USR-01652,47.07,17.14,7.6,0.47,Horror,Horror|Thriller|Comedy,27,0.79
USR-01653,145.88,77.1,12.7,0.706,Animation,Animation|Comedy|Romance,13,0.35
USR-01654,74.61,135.8,3.3,0.957,Action,Action|Thriller,12,0.37
USR-01655,65.58,45.87,4.3,0.348,Thriller,Thriller|Horror,28,0.47
USR-01656,99.05,104.73,14.3,0.729,Thriller,Thriller|Animation,27,0.33
USR-01657,2.42,16.48,3.3,0.416,Horror,Horror|Sci-Fi,8,0.45
USR-01658,66.02,61.15,3.8,0.664,Horror,Horror|Action,15,0.66
USR-01659,126.73,69.44,12.3,0.95,Reality,Reality|Documentary,24,0.57
USR-01660,144.37,103.61,7.9,0.806,Reality,Reality|Comedy,3,0.36
USR-01661,2.44,23.76,3.9,0.39,Thriller,Thriller,12,0.54
USR-01662,10.7,28.67,1.5,0.121,Sci-Fi,Sci-Fi,28,0.58
USR-01663,96.46,87.01,9.1,0.861,Horror,Horror|Drama,16,0.58
USR-01664,74.84,182.93,4.6,0.925,Sci-Fi,Sci-Fi|Action,5,0.45
USR-01665,83.97,71.44,4.0,0.931,Thriller,Thriller|Sci-Fi,25,0.71
USR-01666,12.24,16.84,0.5,0.396,Thriller,Thriller|Action,15,0.58
USR-01667,118.32,99.0,8.6,0.909,Action,Action|Romance,22,0.25
USR-01668,160.93,96.21,13.2,0.848,Action,Action,28,0.25
USR-01669,48.33,156.45,5.4,0.977,Comedy,Comedy|Drama,18,0.57
USR-01670,30.82,71.71,8.3,0.32,Documentary,Documentary|Comedy|Reality|Animation,2,0.32
USR-01671,8.56,20.38,2.3,0.12,Sci-Fi,Sci-Fi|Animation,8,0.55
USR-01672,17.72,28.73,2.2,0.559,Horror,Horror,25,0.49
USR-01673,120.71,114.26,11.4,0.839,Thriller,Thriller|Romance|Reality,19,0.63
USR-01674,3.49,18.63,4.0,0.184,Romance,Romance|Horror,21,0.36
USR-01675,60.26,148.02,4.0,0.935,Thriller,Thriller|Sci-Fi,9,0.75
USR-01676,17.46,18.9,0.5,0.378,Animation,Animation,28,0.58
USR-01677,43.61,41.23,4.3,0.413,Action,Action|Horror|Thriller,22,0.29
USR-01678,91.45,151.41,4.5,0.823,Drama,Drama|Action,28,0.24
USR-01679,34.37,62.54,5.8,0.469,Reality,Reality|Documentary|Thriller,28,0.4
USR-01680,8.24,11.31,0.5,0.278,Reality,Reality,19,0.76
USR-01681,2.3,6.52,3.5,0.23,Sci-Fi,Sci-Fi,16,0.58
USR-01682,13.03,1.0,1.7,0.261,Sci-Fi,Sci-Fi,12,0.41
USR-01683,45.81,54.84,4.3,0.783,Documentary,Documentary|Romance,1,0.4
USR-01684,123.26,60.92,14.6,0.894,Action,Action,21,0.62
USR-01685,147.38,131.1,16.0,0.908,Romance,Romance|Animation|Horror,27,0.7
USR-01686,48.53,46.25,4.7,0.798,Reality,Reality|Thriller,28,0.61
USR-01687,42.04,47.16,7.1,0.81,Reality,Reality|Sci-Fi|Drama,20,0.32
USR-01688,25.24,38.54,5.4,0.444,Reality,Reality|Animation,0,0.56
USR-01689,48.19,46.89,6.5,0.879,Romance,Romance|Thriller,15,0.21
USR-01690,0.1,7.56,2.5,0.454,Comedy,Comedy,10,0.71
USR-01691,58.08,105.84,3.6,0.969,Action,Action|Sci-Fi,9,0.36
USR-01692,50.63,59.69,10.8,0.569,Comedy,Comedy|Action|Romance,3,0.42
USR-01693,12.98,4.38,2.3,0.385,Animation,Animation,21,0.71
USR-01694,14.41,17.15,2.4,0.246,Horror,Horror,0,0.21
USR-01695,65.74,54.78,4.3,0.428,Animation,Animation|Reality|Drama,16,0.23
USR-01696,136.13,121.65,12.2,0.846,Horror,Horror|Reality,4,0.44
USR-01697,16.38,20.75,3.4,0.194,Animation,Animation,25,0.27
USR-01698,91.89,187.4,4.9,0.937,Drama,Drama|Action,29,0.61
USR-01699,9.0,20.7,1.7,0.064,Action,Action,11,0.42
USR-01700,66.32,122.41,4.4,0.931,Action,Action|Thriller,22,0.77
USR-01701,105.66,124.43,4.3,0.724,Sci-Fi,Sci-Fi|Comedy,7,0.65
USR-01702,84.56,46.97,4.0,0.764,Reality,Reality|Drama|Horror|Thriller,10,0.49
USR-01703,7.74,30.73,0.5,0.16,Drama,Drama|Animation,3,0.66
USR-01704,58.87,71.83,3.5,0.68,Action,Action|Romance|Thriller,17,0.43
USR-01705,63.2,135.83,4.3,0.801,Comedy,Comedy|Sci-Fi,20,0.38
USR-01706,154.08,92.6,11.4,0.95,Action,Action|Romance|Animation,10,0.61
USR-01707,42.22,15.37,7.3,0.248,Comedy,Comedy|Thriller|Drama|Documentary,0,0.57
USR-01708,70.81,175.99,2.8,0.887,Thriller,Thriller|Drama,24,0.75
USR-01709,44.36,55.69,4.0,0.606,Sci-Fi,Sci-Fi|Horror,11,0.72
USR-01710,9.57,16.43,1.7,0.23,Horror,Horror|Romance,4,0.35
USR-01711,65.64,64.43,10.5,0.573,Animation,Animation|Sci-Fi|Action,21,0.23
USR-01712,60.76,157.1,4.7,0.673,Drama,Drama|Action,5,0.2
USR-01713,114.71,150.46,4.9,0.955,Sci-Fi,Sci-Fi|Action,8,0.71
USR-01714,51.67,78.11,6.9,0.439,Drama,Drama|Action|Documentary,9,0.28
USR-01715,5.47,15.12,1.3,0.196,Action,Action|Romance,19,0.4
USR-01716,73.3,55.16,6.9,0.701,Romance,Romance|Reality|Action,15,0.76
USR-01717,6.87,32.47,0.5,0.491,Reality,Reality,7,0.75
USR-01718,0.1,16.73,1.8,0.06,Animation,Animation|Romance,1,0.3
USR-01719,8.93,3.77,1.8,0.412,Sci-Fi,Sci-Fi|Romance,23,0.69
USR-01720,111.78,56.31,13.6,0.818,Animation,Animation|Drama|Documentary,18,0.68
USR-01721,113.13,128.79,15.1,0.913,Action,Action|Drama,25,0.49
USR-01722,1.23,34.67,1.7,0.269,Reality,Reality|Horror,23,0.74
USR-01723,39.6,53.12,3.2,0.425,Reality,Reality|Romance,3,0.33
USR-01724,67.32,34.53,6.8,0.712,Documentary,Documentary|Sci-Fi|Horror,12,0.49
USR-01725,90.25,107.62,13.0,0.873,Documentary,Documentary|Comedy|Drama,28,0.8
USR-01726,48.19,53.63,9.7,0.825,Animation,Animation|Romance,7,0.61
USR-01727,73.15,153.59,5.6,0.903,Comedy,Comedy|Sci-Fi,3,0.74
USR-01728,142.85,78.91,17.1,0.643,Documentary,Documentary|Drama|Reality,25,0.57
USR-01729,43.35,52.8,6.0,0.603,Action,Action|Romance,13,0.73
USR-01730,72.79,176.25,4.5,0.957,Sci-Fi,Sci-Fi|Action,4,0.42
USR-01731,128.23,133.69,9.4,0.695,Drama,Drama|Romance|Reality,25,0.67
USR-01732,3.59,6.23,1.6,0.243,Reality,Reality|Animation,16,0.78
USR-01733,38.8,39.97,7.8,0.434,Sci-Fi,Sci-Fi|Documentary|Drama|Horror,2,0.43
USR-01734,90.6,127.9,3.0,0.937,Action,Action|Drama,17,0.42
USR-01735,14.46,19.42,1.4,0.175,Action,Action|Animation,7,0.79
USR-01736,77.64,230.43,4.5,0.976,Comedy,Comedy|Action,25,0.57
USR-01737,124.29,161.13,10.6,0.71,Horror,Horror,27,0.3
USR-01738,67.08,65.28,3.4,0.605,Animation,Animation|Action,7,0.43
USR-01739,16.52,31.2,2.8,0.262,Thriller,Thriller,1,0.42
USR-01740,121.31,84.75,16.2,0.949,Reality,Reality|Animation,2,0.51
USR-01741,88.2,94.44,12.8,0.737,Reality,Reality|Action,24,0.52
USR-01742,175.65,69.8,12.4,0.71,Sci-Fi,Sci-Fi,25,0.49
USR-01743,89.53,167.93,4.6,0.963,Thriller,Thriller|Action,12,0.49
USR-01744,10.96,36.17,3.1,0.337,Horror,Horror,0,0.46
USR-01745,24.85,14.3,4.9,0.431,Horror,Horror|Reality,5,0.76
USR-01746,9.96,23.46,3.8,0.116,Horror,Horror|Reality,18,0.72
USR-01747,48.37,42.93,3.3,0.347,Horror,Horror|Sci-Fi,6,0.57
USR-01748,26.74,54.26,6.8,0.665,Romance,Romance|Sci-Fi|Thriller,9,0.75
USR-01749,40.61,29.36,4.5,0.363,Documentary,Documentary|Action|Comedy|Reality,14,0.21
USR-01750,14.35,1.0,1.2,0.109,Thriller,Thriller|Reality,2,0.61
USR-01751,99.79,64.31,14.2,0.815,Thriller,Thriller|Documentary,7,0.8
USR-01752,78.66,160.03,3.6,0.742,Sci-Fi,Sci-Fi|Action,26,0.65
USR-01753,9.21,15.93,1.2,0.358,Horror,Horror|Documentary,28,0.3
USR-01754,54.71,59.88,6.9,0.775,Documentary,Documentary|Thriller|Reality,25,0.57
USR-01755,51.6,25.58,6.7,0.507,Sci-Fi,Sci-Fi|Action|Thriller,20,0.67
USR-01756,143.72,69.76,12.6,0.897,Comedy,Comedy,10,0.52
USR-01757,92.29,162.75,2.7,0.744,Sci-Fi,Sci-Fi|Action,14,0.69
USR-01758,82.95,154.68,4.7,0.953,Drama,Drama|Thriller,18,0.31
USR-01759,83.15,135.76,2.5,0.905,Thriller,Thriller|Sci-Fi,28,0.79
USR-01760,42.27,74.92,8.0,0.744,Action,Action|Documentary|Thriller,26,0.35
USR-01761,106.58,133.43,17.5,0.661,Drama,Drama|Action,21,0.74
USR-01762,124.22,96.33,8.7,0.694,Drama,Drama|Documentary|Reality,14,0.57
USR-01763,111.31,93.61,13.1,0.81,Animation,Animation,23,0.25
USR-01764,171.74,64.33,10.8,0.902,Animation,Animation|Horror|Romance,6,0.79
USR-01765,118.48,61.9,14.2,0.843,Comedy,Comedy|Documentary|Action,14,0.75
USR-01766,100.4,148.99,4.1,0.818,Comedy,Comedy|Thriller,25,0.67
USR-01767,69.67,133.5,14.4,0.839,Romance,Romance,2,0.63
USR-01768,101.1,79.92,12.3,0.783,Romance,Romance,12,0.61
USR-01769,11.43,34.47,2.5,0.21,Documentary,Documentary,19,0.6
USR-01770,45.13,51.92,4.0,0.523,Drama,Drama|Action|Animation,20,0.32
USR-01771,9.09,16.23,0.9,0.159,Action,Action,16,0.44
USR-01772,12.18,23.57,2.4,0.398,Thriller,Thriller,25,0.39
USR-01773,39.38,167.07,5.1,0.855,Action,Action|Drama,5,0.49
USR-01774,3.59,19.92,2.3,0.147,Comedy,Comedy|Documentary,1,0.68
USR-01775,28.85,19.48,7.0,0.879,Thriller,Thriller|Comedy|Action|Romance,17,0.45
USR-01776,4.06,19.42,3.0,0.301,Action,Action,16,0.48
USR-01777,62.72,51.94,6.2,0.765,Horror,Horror|Drama|Reality|Animation,19,0.55
USR-01778,24.29,41.66,6.0,0.709,Comedy,Comedy|Reality|Horror|Action,28,0.24
USR-01779,49.76,50.04,5.4,0.747,Comedy,Comedy|Reality,19,0.64
USR-01780,154.2,66.02,9.6,0.782,Animation,Animation,14,0.43
USR-01781,22.1,26.03,0.7,0.523,Horror,Horror,21,0.5
USR-01782,65.68,50.94,9.4,0.615,Drama,Drama|Horror|Action|Documentary,11,0.6
USR-01783,141.61,92.89,13.0,0.608,Horror,Horror|Romance,9,0.37
USR-01784,143.08,66.9,11.8,0.946,Documentary,Documentary,26,0.38
USR-01785,3.11,1.0,2.9,0.314,Action,Action|Sci-Fi,18,0.53
USR-01786,49.55,14.1,4.0,0.626,Action,Action|Romance|Animation|Documentary,5,0.46
USR-01787,9.04,24.67,2.0,0.401,Documentary,Documentary,20,0.32
USR-01788,91.64,188.04,3.3,0.957,Action,Action|Drama,23,0.63
USR-01789,86.2,82.24,9.9,0.971,Horror,Horror,0,0.3
USR-01790,12.8,21.37,2.0,0.115,Romance,Romance|Drama,15,0.65
USR-01791,44.41,50.98,5.3,0.607,Animation,Animation|Documentary,7,0.79
USR-01792,115.84,94.62,10.7,0.699,Reality,Reality,8,0.74
USR-01793,13.85,14.81,1.3,0.363,Horror,Horror,28,0.47
USR-01794,74.75,131.67,3.1,0.87,Action,Action|Drama,13,0.38
USR-01795,34.38,41.85,5.7,0.677,Horror,Horror|Thriller,29,0.46
USR-01796,38.88,35.38,7.5,0.538,Documentary,Documentary|Drama|Reality,3,0.78
USR-01797,60.82,35.58,5.1,0.769,Action,Action|Animation|Documentary|Comedy,1,0.72
USR-01798,13.7,39.74,5.1,0.864,Action,Action|Thriller|Drama|Comedy,2,0.29
USR-01799,14.15,27.1,2.5,0.375,Drama,Drama|Horror,16,0.75
USR-01800,9.0,10.87,1.7,0.366,Romance,Romance,3,0.52
USR-01801,2.14,21.1,0.6,0.495,Thriller,Thriller,16,0.34
USR-01802,159.29,127.46,7.0,0.838,Comedy,Comedy|Horror,16,0.76
USR-01803,10.96,8.84,1.6,0.073,Action,Action|Comedy,6,0.64
USR-01804,0.1,16.81,2.3,0.249,Reality,Reality|Comedy,24,0.25
USR-01805,9.75,22.76,2.4,0.387,Sci-Fi,Sci-Fi,15,0.51
USR-01806,139.43,38.89,12.6,0.945,Thriller,Thriller|Reality,16,0.66
USR-01807,50.72,61.64,5.6,0.684,Thriller,Thriller|Comedy,4,0.23
USR-01808,9.84,35.46,4.8,0.446,Animation,Animation|Sci-Fi,13,0.68
USR-01809,145.36,108.49,13.9,0.897,Animation,Animation|Thriller|Drama,26,0.52
USR-01810,93.59,110.75,10.0,0.907,Drama,Drama,21,0.53
USR-01811,42.08,38.74,6.1,0.342,Comedy,Comedy|Documentary|Sci-Fi,15,0.38
USR-01812,19.83,22.76,1.4,0.179,Comedy,Comedy|Drama,28,0.4
USR-01813,139.48,88.37,10.1,0.644,Romance,Romance|Horror|Thriller,28,0.46
USR-01814,11.63,11.28,1.3,0.343,Action,Action|Thriller,22,0.26
USR-01815,55.74,54.45,6.0,0.742,Comedy,Comedy|Reality,16,0.73
USR-01816,14.1,26.37,2.8,0.148,Comedy,Comedy,2,0.55
USR-01817,59.21,57.09,7.2,0.467,Drama,Drama|Action,26,0.63
USR-01818,41.62,43.4,4.0,0.266,Action,Action|Sci-Fi|Documentary|Drama,5,0.44
USR-01819,8.94,29.07,2.4,0.348,Animation,Animation|Comedy,14,0.35
USR-01820,97.88,183.87,3.5,0.915,Comedy,Comedy|Drama,14,0.43
USR-01821,57.5,61.68,4.9,0.555,Documentary,Documentary|Animation,15,0.21
USR-01822,39.24,48.48,4.4,0.527,Documentary,Documentary|Drama|Sci-Fi|Reality,3,0.67
USR-01823,6.47,28.14,3.0,0.396,Romance,Romance|Documentary,2,0.68
USR-01824,2.52,30.61,0.5,0.126,Animation,Animation,4,0.28
USR-01825,120.51,52.6,9.9,0.854,Drama,Drama|Animation,4,0.56
USR-01826,41.48,47.91,5.9,0.893,Horror,Horror|Documentary|Romance,5,0.26
USR-01827,73.7,50.0,2.5,0.775,Animation,Animation|Romance|Reality|Comedy,11,0.59
USR-01828,63.71,90.1,4.7,0.994,Drama,Drama|Sci-Fi,2,0.61
USR-01829,41.99,46.74,6.1,0.449,Sci-Fi,Sci-Fi|Drama|Reality,25,0.75
USR-01830,38.04,55.2,8.8,0.257,Documentary,Documentary|Action|Comedy,20,0.67
USR-01831,50.5,97.75,6.3,0.882,Sci-Fi,Sci-Fi|Thriller,15,0.73
USR-01832,42.05,33.72,7.0,0.56,Animation,Animation|Reality,22,0.79
USR-01833,136.67,77.41,8.8,0.969,Animation,Animation|Thriller,13,0.4
USR-01834,144.58,89.65,16.1,0.766,Animation,Animation|Action|Drama,2,0.54
USR-01835,109.57,99.42,5.9,0.767,Documentary,Documentary|Comedy|Action,3,0.6
USR-01836,129.56,100.22,17.1,0.915,Romance,Romance|Comedy|Documentary,25,0.44
USR-01837,51.08,46.5,5.7,0.476,Reality,Reality|Drama|Action,24,0.8
USR-01838,16.72,34.89,2.7,0.028,Reality,Reality|Thriller,18,0.49
USR-01839,14.43,25.15,1.8,0.253,Animation,Animation|Action,10,0.46
USR-01840,108.06,72.82,15.5,0.79,Documentary,Documentary,15,0.47
USR-01841,39.94,42.34,7.6,0.632,Action,Action|Reality,28,0.75
USR-01842,133.39,101.14,9.8,0.922,Horror,Horror|Thriller,7,0.3
USR-01843,99.17,125.61,4.1,0.994,Drama,Drama|Sci-Fi,26,0.25
USR-01844,165.14,106.86,15.3,0.737,Animation,Animation|Drama,25,0.29
USR-01845,11.78,19.76,0.8,0.149,Documentary,Documentary|Sci-Fi,21,0.49
USR-01846,40.22,57.32,1.8,0.529,Horror,Horror|Drama,2,0.5
USR-01847,11.65,33.35,0.8,0.085,Horror,Horror,19,0.48
USR-01848,48.35,29.19,7.4,0.528,Sci-Fi,Sci-Fi|Drama|Horror|Documentary,4,0.66
USR-01849,12.26,19.14,2.7,0.912,Horror,Horror|Reality,27,0.55
USR-01850,78.56,99.02,13.9,0.727,Thriller,Thriller|Comedy|Animation,8,0.78
USR-01851,45.75,144.49,2.9,0.92,Comedy,Comedy|Thriller,24,0.73
USR-01852,66.4,71.59,8.0,0.628,Thriller,Thriller|Action,27,0.68
USR-01853,2.92,15.51,2.2,0.336,Reality,Reality,14,0.74
USR-01854,12.55,22.31,1.2,0.188,Thriller,Thriller,3,0.35
USR-01855,85.52,166.97,4.4,0.861,Thriller,Thriller|Sci-Fi,11,0.41
USR-01856,109.4,108.8,10.3,0.779,Documentary,Documentary|Drama|Thriller,13,0.52
USR-01857,49.39,53.83,3.2,0.668,Thriller,Thriller|Sci-Fi|Horror|Reality,6,0.3
USR-01858,12.38,33.39,6.7,0.319,Sci-Fi,Sci-Fi|Drama|Thriller,22,0.27
USR-01859,71.93,42.08,3.8,0.656,Documentary,Documentary|Animation|Sci-Fi,10,0.31
USR-01860,7.51,39.81,3.8,0.709,Action,Action|Sci-Fi|Reality|Drama,13,0.23
USR-01861,72.57,173.65,4.2,0.951,Sci-Fi,Sci-Fi|Comedy,17,0.79
USR-01862,114.6,160.22,3.8,0.981,Comedy,Comedy|Action,6,0.36
USR-01863,54.68,29.61,6.3,0.463,Drama,Drama|Action|Thriller|Reality,8,0.41
USR-01864,12.09,24.87,1.8,0.141,Thriller,Thriller|Horror,23,0.32
USR-01865,75.68,168.11,3.7,0.871,Drama,Drama|Thriller,22,0.7
USR-01866,54.75,102.89,4.2,0.822,Action,Action|Sci-Fi,24,0.49
USR-01867,105.63,67.39,13.2,0.813,Animation,Animation|Drama,15,0.75
USR-01868,54.12,71.67,5.2,0.326,Documentary,Documentary|Action|Reality|Sci-Fi,4,0.23
USR-01869,1.27,23.29,2.2,0.128,Animation,Animation|Drama,23,0.41
USR-01870,32.07,43.05,7.8,0.616,Drama,Drama|Action,24,0.22
USR-01871,42.63,47.76,5.0,0.386,Drama,Drama|Horror|Documentary|Reality,4,0.68
USR-01872,64.96,179.54,5.0,0.86,Drama,Drama|Action,15,0.3
USR-01873,36.05,133.54,5.1,0.934,Action,Action|Comedy,29,0.34
USR-01874,61.5,137.19,4.4,0.967,Comedy,Comedy|Sci-Fi,7,0.3
USR-01875,13.22,17.7,0.5,0.597,Action,Action|Thriller,4,0.22
USR-01876,43.91,42.16,3.0,0.838,Thriller,Thriller|Romance|Animation|Sci-Fi,21,0.45
USR-01877,30.16,11.8,8.5,0.449,Horror,Horror|Drama|Animation,26,0.47
USR-01878,29.32,42.88,9.0,0.505,Sci-Fi,Sci-Fi|Reality|Thriller|Documentary,4,0.77
USR-01879,41.27,51.92,10.8,0.816,Animation,Animation|Drama|Comedy|Documentary,12,0.49
USR-01880,67.84,47.24,7.1,0.735,Animation,Animation|Action|Sci-Fi,11,0.35
USR-01881,0.1,17.47,0.6,0.13,Reality,Reality,24,0.63
USR-01882,50.68,59.01,7.0,0.413,Animation,Animation|Horror|Romance,21,0.45
USR-01883,19.63,31.0,3.4,0.144,Romance,Romance,29,0.69
USR-01884,28.18,86.3,5.7,0.564,Action,Action|Horror|Drama|Animation,21,0.44
USR-01885,34.66,59.96,5.2,0.678,Reality,Reality|Sci-Fi|Animation|Drama,15,0.24
USR-01886,112.48,83.95,16.6,0.942,Sci-Fi,Sci-Fi|Comedy,18,0.7
USR-01887,142.61,116.07,12.5,0.843,Animation,Animation|Comedy|Action,18,0.68
USR-01888,71.92,135.27,3.7,0.995,Sci-Fi,Sci-Fi|Comedy,3,0.65
USR-01889,33.28,51.57,8.9,0.806,Animation,Animation|Horror,10,0.64
USR-01890,159.4,103.78,9.4,0.503,Animation,Animation|Comedy,3,0.6
USR-01891,10.86,8.32,2.0,0.448,Reality,Reality,7,0.41
USR-01892,37.13,27.47,6.6,0.753,Animation,Animation|Reality|Drama|Action,28,0.54
USR-01893,73.93,97.96,10.8,0.984,Romance,Romance|Documentary|Thriller,7,0.24
USR-01894,45.09,50.55,8.9,0.468,Reality,Reality|Romance,4,0.51
USR-01895,95.96,96.45,14.4,0.746,Reality,Reality|Drama|Romance,23,0.6
USR-01896,13.3,18.39,0.9,0.163,Thriller,Thriller,1,0.37
USR-01897,41.68,56.29,7.8,0.581,Horror,Horror|Drama,8,0.39
USR-01898,123.43,93.11,12.9,0.529,Romance,Romance|Comedy,24,0.35
USR-01899,104.23,55.39,7.6,0.698,Romance,Romance|Animation|Reality,8,0.36
USR-01900,53.09,74.38,5.8,0.508,Animation,Animation|Action|Reality,7,0.5
USR-01901,135.11,103.03,16.3,0.881,Documentary,Documentary|Animation|Comedy,6,0.66
USR-01902,8.57,17.35,2.1,0.427,Drama,Drama|Action,26,0.27
USR-01903,145.77,69.43,17.2,0.631,Drama,Drama|Thriller|Reality,26,0.27
USR-01904,7.24,17.08,1.5,0.277,Comedy,Comedy,20,0.76
USR-01905,43.6,29.7,9.6,0.595,Action,Action|Sci-Fi|Animation,9,0.24
USR-01906,7.57,44.8,3.8,0.713,Action,Action|Sci-Fi|Documentary|Horror,10,0.4
USR-01907,76.38,59.21,7.0,0.953,Animation,Animation,25,0.75
USR-01908,14.38,10.82,2.3,0.322,Romance,Romance|Thriller,20,0.4
USR-01909,103.03,169.83,4.1,0.651,Thriller,Thriller|Comedy,8,0.45
USR-01910,142.1,113.65,12.2,0.854,Animation,Animation|Romance|Comedy,2,0.46
USR-01911,79.57,96.13,11.7,0.965,Thriller,Thriller|Animation|Sci-Fi,2,0.7
USR-01912,85.98,157.22,2.8,0.845,Action,Action|Comedy,8,0.46
USR-01913,48.4,38.37,6.2,0.623,Thriller,Thriller|Comedy,9,0.69
USR-01914,155.33,41.1,17.0,0.656,Action,Action|Drama,18,0.45
USR-01915,108.01,83.96,10.4,0.695,Animation,Animation,0,0.71
USR-01916,11.47,25.49,2.5,0.324,Animation,Animation,12,0.23
USR-01917,9.45,23.7,1.2,0.234,Drama,Drama|Horror,25,0.41
USR-01918,44.6,72.77,5.9,0.756,Thriller,Thriller|Reality,19,0.59
USR-01919,84.63,223.98,4.3,0.989,Action,Action|Thriller,16,0.25
USR-01920,39.74,51.66,5.7,0.679,Thriller,Thriller|Documentary|Sci-Fi,13,0.59
USR-01921,40.33,15.29,7.8,0.754,Horror,Horror|Romance|Action,23,0.56
USR-01922,37.06,50.51,7.8,0.885,Comedy,Comedy|Romance|Drama|Action,17,0.49
USR-01923,29.53,15.5,6.3,0.735,Animation,Animation|Comedy|Thriller|Sci-Fi,14,0.36
USR-01924,122.65,100.36,7.4,0.817,Romance,Romance|Documentary|Reality,18,0.66
USR-01925,119.01,89.27,12.5,0.831,Sci-Fi,Sci-Fi,23,0.79
USR-01926,46.46,37.09,2.3,0.425,Action,Action|Animation,20,0.66
USR-01927,18.64,22.29,2.4,0.207,Thriller,Thriller|Horror,29,0.65
USR-01928,92.49,99.56,12.1,0.644,Action,Action|Thriller|Horror,27,0.28
USR-01929,33.91,48.23,9.4,0.659,Comedy,Comedy|Action|Sci-Fi,28,0.69
USR-01930,10.81,16.92,1.2,0.453,Sci-Fi,Sci-Fi,4,0.59
USR-01931,9.15,27.26,2.2,0.171,Comedy,Comedy,18,0.45
USR-01932,10.23,19.64,1.2,0.417,Romance,Romance,5,0.46
USR-01933,22.11,22.5,3.2,0.416,Sci-Fi,Sci-Fi,17,0.2
USR-01934,11.32,18.63,2.1,0.145,Drama,Drama,23,0.69
USR-01935,110.0,98.26,11.5,0.841,Animation,Animation|Comedy,25,0.44
USR-01936,36.1,27.47,5.9,0.465,Horror,Horror|Documentary|Drama|Romance,20,0.7
USR-01937,9.94,28.25,1.1,0.317,Thriller,Thriller|Animation,13,0.23
USR-01938,47.86,79.31,13.3,0.932,Drama,Drama|Sci-Fi,25,0.38
USR-01939,152.18,78.11,15.6,0.892,Documentary,Documentary,4,0.51
USR-01940,119.34,67.4,15.9,0.629,Romance,Romance,13,0.65
USR-01941,43.25,57.04,5.5,0.403,Horror,Horror|Romance,27,0.54
USR-01942,38.5,76.12,6.4,0.673,Romance,Romance|Sci-Fi|Animation|Drama,9,0.63
USR-01943,136.43,65.32,6.3,0.928,Action,Action|Horror,3,0.71
USR-01944,13.85,21.3,3.5,0.105,Comedy,Comedy|Horror,28,0.75
USR-01945,83.49,159.08,4.3,0.874,Sci-Fi,Sci-Fi|Drama,14,0.61
USR-01946,101.64,77.33,7.6,0.789,Thriller,Thriller|Documentary|Comedy,27,0.69
USR-01947,69.83,86.74,4.3,0.883,Action,Action|Thriller,8,0.25
USR-01948,121.1,85.47,11.7,0.677,Drama,Drama|Romance,25,0.78
USR-01949,70.5,136.42,4.2,0.931,Action,Action|Thriller,22,0.73
USR-01950,112.49,178.8,4.9,0.889,Action,Action|Comedy,20,0.34
USR-01951,137.8,117.95,10.8,0.959,Comedy,Comedy|Drama,14,0.73
USR-01952,7.36,16.41,2.3,0.217,Action,Action|Romance,5,0.6
USR-01953,67.17,141.39,5.1,0.978,Thriller,Thriller|Drama,24,0.67
USR-01954,50.91,152.61,3.4,0.953,Sci-Fi,Sci-Fi|Action,11,0.34
USR-01955,79.38,126.11,5.0,0.971,Comedy,Comedy|Sci-Fi,13,0.53
USR-01956,20.97,22.15,7.2,0.474,Horror,Horror|Sci-Fi|Romance|Drama,28,0.77
USR-01957,77.67,95.05,9.9,0.76,Horror,Horror,6,0.53
USR-01958,7.35,26.57,0.5,0.443,Sci-Fi,Sci-Fi|Thriller,13,0.77
USR-01959,15.76,5.51,0.9,0.406,Thriller,Thriller,13,0.26
USR-01960,10.16,20.84,3.1,0.228,Sci-Fi,Sci-Fi|Thriller,4,0.33
USR-01961,55.46,51.32,3.9,0.481,Reality,Reality|Sci-Fi|Comedy|Action,8,0.64
USR-01962,59.31,51.6,4.8,0.712,Reality,Reality|Action|Romance|Thriller,10,0.26
USR-01963,142.38,88.32,13.4,0.819,Horror,Horror|Sci-Fi,23,0.24
USR-01964,15.52,11.69,2.0,0.24,Documentary,Documentary,12,0.45
USR-01965,174.89,75.1,7.8,0.699,Documentary,Documentary,21,0.64
USR-01966,11.91,6.73,2.5,0.182,Romance,Romance|Thriller,16,0.5
USR-01967,6.82,21.63,1.2,0.181,Reality,Reality,3,0.33
USR-01968,47.87,31.24,7.1,0.573,Animation,Animation|Drama|Action,1,0.31
USR-01969,40.95,22.12,5.6,0.673,Romance,Romance|Thriller,21,0.47
USR-01970,75.51,44.51,7.2,0.794,Romance,Romance|Sci-Fi|Thriller|Comedy,27,0.33
USR-01971,88.85,120.48,2.4,0.94,Thriller,Thriller|Comedy,19,0.37
USR-01972,8.83,34.07,2.9,0.366,Romance,Romance|Reality,10,0.78
USR-01973,57.07,45.24,6.7,0.55,Action,Action|Documentary,13,0.33
USR-01974,92.88,140.98,9.1,0.799,Documentary,Documentary|Horror,24,0.79
USR-01975,122.19,31.13,12.9,0.915,Animation,Animation|Documentary,11,0.55
USR-01976,61.97,41.57,2.9,0.603,Sci-Fi,Sci-Fi|Animation,25,0.3
USR-01977,124.71,105.3,4.5,0.933,Comedy,Comedy|Drama,23,0.25
USR-01978,8.64,19.4,1.7,0.517,Documentary,Documentary,12,0.24
USR-01979,105.84,92.35,13.2,0.911,Drama,Drama|Romance|Comedy,10,0.29
USR-01980,85.39,144.88,3.2,0.971,Action,Action|Thriller,1,0.4
USR-01981,45.53,52.37,6.0,0.167,Horror,Horror|Action|Drama|Documentary,7,0.39
USR-01982,89.06,152.41,3.4,0.921,Drama,Drama|Thriller,15,0.41
USR-01983,137.18,137.83,11.1,0.608,Romance,Romance|Animation|Thriller,13,0.66
USR-01984,9.3,11.23,2.9,0.193,Thriller,Thriller,25,0.21
USR-01985,96.83,154.35,3.5,0.91,Thriller,Thriller|Action,9,0.36
USR-01986,22.11,42.23,6.0,0.882,Romance,Romance|Action|Sci-Fi,5,0.41
USR-01987,7.92,23.41,0.5,0.52,Sci-Fi,Sci-Fi,8,0.28
USR-01988,89.33,141.38,5.9,0.977,Drama,Drama|Action,9,0.33
USR-01989,138.12,47.61,7.8,0.889,Documentary,Documentary,12,0.7
USR-01990,135.31,55.61,10.5,0.578,Animation,Animation|Thriller,9,0.73
USR-01991,16.81,18.7,0.5,0.431,Comedy,Comedy,22,0.38
USR-01992,50.46,36.02,8.0,0.536,Action,Action|Comedy,24,0.63
USR-01993,122.27,95.2,14.2,0.704,Reality,Reality|Action|Horror,7,0.7
USR-01994,52.76,64.47,6.6,0.33,Comedy,Comedy|Horror|Sci-Fi,11,0.69
USR-01995,8.29,23.56,2.9,0.19,Thriller,Thriller|Documentary,27,0.71
USR-01996,64.2,48.13,6.8,0.345,Comedy,Comedy|Action,16,0.45
USR-01997,46.16,44.09,5.6,0.56,Action,Action|Thriller|Horror,29,0.41
USR-01998,14.88,18.81,1.7,0.425,Reality,Reality|Sci-Fi,7,0.26
USR-01999,40.16,49.29,4.9,0.733,Drama,Drama|Romance,28,0.71
